Date,Ticker,Type,Price,Quantity,PnL_%,Capital,Reason
2021-01-01,BAJAJFINSV.NS,BUY,885.0538330078125,3,0.0,97344.83850097656,Top faller below 20 SMA
2021-01-04,HEROMOTOCO.NS,BUY,2588.082275390625,1,0.0,94756.75622558594,Top faller below 20 SMA
2021-01-05,NTPC.NS,BUY,80.98542022705078,37,0.0,91760.29567718506,Top faller below 20 SMA
2021-01-06,RELIANCE.NS,BUY,871.4473876953125,3,0.0,89145.95351409912,Top faller below 20 SMA
2021-01-07,ITC.NS,BUY,167.07803344726562,17,0.0,86305.6269454956,Top faller below 20 SMA
2021-01-08,BAJFINANCE.NS,BUY,498.49139404296875,6,0.0,83314.6785812378,Top faller below 20 SMA
2021-01-11,HEROMOTOCO.NS,SELL,2718.896240234375,1,5.054474739370717,86033.57482147217,Profit target hit
2021-01-11,KOTAKBANK.NS,BUY,1930.0865478515625,1,0.0,84103.4882736206,Top faller below 20 SMA
2021-01-12,NESTLEIND.NS,BUY,1710.9244384765625,1,0.0,82392.56383514404,Top faller below 20 SMA
2021-01-13,NTPC.NS,SELL,85.09278869628906,37,5.071738169318453,85540.99701690674,Profit target hit
2021-01-14,ITC.NS,SELL,176.42877197265625,17,5.596629510450859,88540.2861404419,Profit target hit
2021-01-14,TITAN.NS,BUY,1467.1307373046875,2,0.0,85606.02466583252,Top faller below 20 SMA
2021-01-15,ASIANPAINT.NS,BUY,2483.80517578125,1,0.0,83122.21949005127,Top faller below 20 SMA
2021-01-19,RELIANCE.NS,SELL,917.950439453125,3,5.336300551751902,85876.07080841064,Profit target hit
2021-01-19,DRREDDY.NS,BUY,986.287109375,3,0.0,82917.20948028564,Top faller below 20 SMA
2021-01-21,SBILIFE.NS,BUY,868.9225463867188,3,0.0,80310.44184112549,Top faller below 20 SMA
2021-01-22,HINDALCO.NS,BUY,232.537353515625,12,0.0,77519.99359893799,Top faller below 20 SMA
2021-01-25,INDUSINDBK.NS,BUY,820.0276489257812,3,0.0,75059.91065216064,Top faller below 20 SMA
2021-01-27,ONGC.NS,BUY,68.03898620605469,44,0.0,72066.19525909424,Top faller below 20 SMA
2021-01-28,TATASTEEL.NS,BUY,53.692928314208984,55,0.0,69113.08420181274,Top faller below 20 SMA
2021-01-29,KOTAKBANK.NS,AVG,1705.823486328125,1,0.0,67407.26071548462,Averaging trigger hit
2021-02-01,INDUSINDBK.NS,SELL,937.3123168945312,3,14.302526033407585,70219.19766616821,Profit target hit
2021-02-01,TECHM.NS,BUY,867.6076049804688,3,0.0,67616.3748512268,Top faller below 20 SMA
2021-02-02,BAJAJFINSV.NS,SELL,945.5028686523438,3,6.829984051828592,70452.88345718384,Profit target hit
2021-02-02,HINDUNILVR.NS,BUY,2075.55224609375,1,0.0,68377.33121109009,Top faller below 20 SMA
2021-02-03,HINDALCO.NS,SELL,250.0845947265625,12,7.5459881802423805,71378.34634780884,Profit target hit
2021-02-04,ONGC.NS,SELL,74.0691909790039,44,8.862866878537647,74637.39075088501,Profit target hit
2021-02-04,DRREDDY.NS,AVG,904.7020874023438,3,0.0,71923.28448867798,Averaging trigger hit
2021-02-05,TATASTEEL.NS,SELL,58.97441101074219,55,9.836458659185372,75166.8770942688,Profit target hit
2021-02-05,HCLTECH.NS,BUY,796.65283203125,3,0.0,72776.91859817505,Top faller below 20 SMA
2021-02-08,BAJFINANCE.NS,SELL,539.2672119140625,6,8.179843896678982,76012.52186965942,Profit target hit
2021-02-09,KOTAKBANK.NS,SELL,1941.0408935546875,2,6.770567770256377,79894.6036567688,Profit target hit
2021-02-09,UPL.NS,BUY,511.6427917480469,5,0.0,77336.38969802856,Top faller below 20 SMA
2021-02-11,EICHERMOT.NS,BUY,2721.66650390625,1,0.0,74614.72319412231,Top faller below 20 SMA
2021-02-12,TECHM.NS,SELL,913.1644897460938,3,5.250862775303884,77354.2166633606,Profit target hit
2021-02-16,TCS.NS,BUY,2908.6279296875,1,0.0,74445.5887336731,Top faller below 20 SMA
2021-02-23,UPL.NS,SELL,538.0514526367188,5,5.161542645494074,77135.84599685669,Profit target hit
2021-02-23,CIPLA.NS,BUY,763.36865234375,3,0.0,74845.74003982544,Top faller below 20 SMA
2021-02-26,M&M.NS,BUY,769.302978515625,3,0.0,72537.83110427856,Top faller below 20 SMA
2021-03-01,BHARTIARTL.NS,BUY,510.5650329589844,5,0.0,69985.00593948364,Top faller below 20 SMA
2021-03-02,M&M.NS,SELL,820.48486328125,3,6.65302048672433,72446.46052932739,Profit target hit
2021-03-02,KOTAKBANK.NS,BUY,1836.9755859375,1,0.0,70609.48494338989,Top faller below 20 SMA
2021-03-03,M&M.NS,BUY,812.8529052734375,3,0.0,68170.92622756958,Top faller below 20 SMA
2021-03-04,LT.NS,BUY,1391.08154296875,2,0.0,65388.76314163208,Top faller below 20 SMA
2021-03-05,SBIN.NS,BUY,354.0002136230469,8,0.0,62556.761432647705,Top faller below 20 SMA
2021-03-08,SBILIFE.NS,SELL,913.9862060546875,3,5.186153801090681,65298.72005081177,Profit target hit
2021-03-08,ICICIBANK.NS,BUY,592.6361694335938,5,0.0,62335.5392036438,Top faller below 20 SMA
2021-03-09,KOTAKBANK.NS,SELL,1970.716796875,1,7.280511072728559,64306.2560005188,Profit target hit
2021-03-09,TATAMOTORS.NS,BUY,311.5421142578125,9,0.0,61502.376972198486,Top faller below 20 SMA
2021-03-10,POWERGRID.NS,BUY,98.05066680908203,30,0.0,58560.856967926025,Top faller below 20 SMA
2021-03-12,INDUSINDBK.NS,BUY,987.5772705078125,3,0.0,55598.12515640259,Top faller below 20 SMA
2021-03-15,HEROMOTOCO.NS,BUY,2827.6748046875,1,0.0,52770.45035171509,Top faller below 20 SMA
2021-03-16,HCLTECH.NS,SELL,848.0987548828125,3,6.457759363057715,55314.746616363525,Profit target hit
2021-03-19,POWERGRID.NS,SELL,104.90943908691406,30,6.995130681963635,58462.02978897095,Profit target hit
2021-03-19,COALINDIA.NS,BUY,96.25340270996094,31,0.0,55478.17430496216,Top faller below 20 SMA
2021-03-22,HINDUNILVR.NS,SELL,2189.77783203125,1,5.5033828299179595,57667.95213699341,Profit target hit
2021-03-22,DRREDDY.NS,AVG,843.8452758789062,3,0.0,55136.41630935669,Averaging trigger hit
2021-03-23,ONGC.NS,BUY,82.6695327758789,36,0.0,52160.31312942505,Top faller below 20 SMA
2021-03-24,NESTLEIND.NS,AVG,1563.492431640625,1,0.0,50596.820697784424,Averaging trigger hit
2021-03-25,HEROMOTOCO.NS,AVG,2548.298828125,1,0.0,48048.521869659424,Averaging trigger hit
2021-03-26,EICHERMOT.NS,AVG,2472.885986328125,1,0.0,45575.6358833313,Averaging trigger hit
2021-03-30,M&M.NS,AVG,758.4273681640625,3,0.0,43300.35377883911,Averaging trigger hit
2021-03-31,KOTAKBANK.NS,BUY,1745.7069091796875,1,0.0,41554.646869659424,Top faller below 20 SMA
2021-04-01,RELIANCE.NS,BUY,920.4314575195312,3,0.0,38793.35249710083,Top faller below 20 SMA
2021-04-05,BAJFINANCE.NS,BUY,486.7696533203125,6,0.0,35872.734577178955,Top faller below 20 SMA
2021-04-06,CIPLA.NS,SELL,806.9924926757812,3,5.714649166964633,38293.7120552063,Profit target hit
2021-04-06,AXISBANK.NS,BUY,675.081298828125,4,0.0,35593.3868598938,Top faller below 20 SMA
2021-04-07,TCS.NS,SELL,3060.758056640625,1,5.230305512794471,38654.144916534424,Profit target hit
2021-04-07,INDUSINDBK.NS,AVG,913.1215209960938,3,0.0,35914.78035354614,Averaging trigger hit
2021-04-08,TITAN.NS,SELL,1547.23486328125,2,5.459917370671706,39009.25008010864,Profit target hit
2021-04-08,POWERGRID.NS,BUY,95.2479248046875,31,0.0,36056.56441116333,Top faller below 20 SMA
2021-04-09,HDFCBANK.NS,BUY,1349.9981689453125,2,0.0,33356.568073272705,Top faller below 20 SMA
2021-04-12,DRREDDY.NS,SELL,968.466064453125,9,6.236710938394106,42072.76265335083,Profit target hit
2021-04-12,SBIN.NS,AVG,303.4353332519531,9,0.0,39341.84465408325,Averaging trigger hit
2021-04-13,NTPC.NS,BUY,86.06044006347656,34,0.0,36415.78969192505,Top faller below 20 SMA
2021-04-15,BPCL.NS,BUY,165.90847778320312,18,0.0,33429.43709182739,Top faller below 20 SMA
2021-04-16,GRASIM.NS,BUY,1326.770263671875,2,0.0,30775.896564483643,Top faller below 20 SMA
2021-04-19,INDUSINDBK.NS,AVG,803.4658203125,3,0.0,28365.499103546143,Averaging trigger hit
2021-04-23,UPL.NS,BUY,556.1005249023438,5,0.0,25584.996479034424,Top faller below 20 SMA
2021-04-26,HCLTECH.NS,BUY,782.04443359375,3,0.0,23238.863178253174,Top faller below 20 SMA
2021-04-28,BAJFINANCE.NS,SELL,518.0014038085938,6,6.416125219648727,26346.871601104736,Profit target hit
2021-04-29,AXISBANK.NS,SELL,716.4088134765625,4,6.121857429642625,29212.506855010986,Profit target hit
2021-04-30,POWERGRID.NS,SELL,100.28376007080078,31,5.2870813473780265,32321.30341720581,Profit target hit
2021-04-30,TCS.NS,BUY,2840.187744140625,1,0.0,29481.115673065186,Top faller below 20 SMA
2021-05-03,UPL.NS,SELL,586.87890625,5,5.534679427440067,32415.510204315186,Profit target hit
2021-05-03,TITAN.NS,BUY,1402.1414794921875,2,0.0,29611.22724533081,Top faller below 20 SMA
2021-05-05,BHARTIARTL.NS,SELL,537.1869506835938,5,5.214207007150843,32297.16199874878,Profit target hit
2021-05-06,BPCL.NS,SELL,177.8542022705078,18,7.2001893133601484,35498.53763961792,Profit target hit
2021-05-07,GRASIM.NS,SELL,1421.287353515625,2,7.123847468677148,38341.11234664917,Profit target hit
2021-05-07,TATACONSUM.NS,BUY,605.1251831054688,4,0.0,35920.611614227295,Top faller below 20 SMA
2021-05-10,COALINDIA.NS,SELL,103.84490203857422,31,7.886993202192179,39139.803577423096,Profit target hit
2021-05-11,NTPC.NS,SELL,96.41163635253906,34,12.027821704638802,42417.799213409424,Profit target hit
2021-05-12,ONGC.NS,SELL,88.80319213867188,36,7.419491990382497,45614.71413040161,Profit target hit
2021-05-12,HINDUNILVR.NS,BUY,2167.21142578125,1,0.0,43447.50270462036,Top faller below 20 SMA
2021-05-14,ASIANPAINT.NS,SELL,2659.816162109375,1,7.086344293197752,46107.318866729736,Profit target hit
2021-05-14,INFY.NS,BUY,1183.3204345703125,2,0.0,43740.67799758911,Top faller below 20 SMA
2021-05-17,SBIN.NS,SELL,353.4927062988281,17,8.02557509801658,49750.05400466919,Profit target hit
2021-05-17,CIPLA.NS,BUY,850.471435546875,3,0.0,47198.639698028564,Top faller below 20 SMA
2021-05-18,TITAN.NS,SELL,1515.67578125,2,8.097207266055001,50229.991260528564,Profit target hit
2021-05-18,BHARTIARTL.NS,BUY,514.54638671875,5,0.0,47657.259326934814,Top faller below 20 SMA
2021-05-19,HDFCLIFE.NS,BUY,656.1078491210938,4,0.0,45032.82793045044,Top faller below 20 SMA
2021-05-21,INDUSINDBK.NS,SELL,981.1553955078125,9,8.849371582682261,53863.22649002075,Profit target hit
2021-05-21,JSWSTEEL.NS,BUY,660.9304809570312,4,0.0,51219.50456619263,Top faller below 20 SMA
2021-05-24,ICICIBANK.NS,SELL,630.93994140625,5,6.463286236691343,54374.20427322388,Profit target hit
2021-05-25,CIPLA.NS,SELL,902.9744262695312,3,6.173398485617036,57083.12755203247,Profit target hit
2021-05-26,INFY.NS,SELL,1255.9970703125,2,6.141754474862749,59595.12169265747,Profit target hit
2021-05-26,TATASTEEL.NS,BUY,93.15985107421875,32,0.0,56614.00645828247,Top faller below 20 SMA
2021-05-27,TCS.NS,SELL,2989.79736328125,1,5.267596110478021,59603.80382156372,Profit target hit
2021-05-27,ADANIPORTS.NS,BUY,729.3970947265625,4,0.0,56686.21544265747,Top faller below 20 SMA
2021-05-28,HDFCBANK.NS,SELL,1427.5748291015625,2,5.746427064923862,59541.365100860596,Profit target hit
2021-05-28,SUNPHARMA.NS,BUY,641.609375,4,0.0,56974.927600860596,Top faller below 20 SMA
2021-05-31,RELIANCE.NS,SELL,983.4597778320312,3,6.847692981110716,59925.30693435669,Profit target hit
2021-05-31,HEROMOTOCO.NS,AVG,2605.34375,1,0.0,57319.96318435669,Averaging trigger hit
2021-06-01,ADANIPORTS.NS,SELL,774.82666015625,4,6.228372138871516,60419.26982498169,Profit target hit
2021-06-01,SBILIFE.NS,BUY,958.6959228515625,3,0.0,57543.182056427,Top faller below 20 SMA
2021-06-02,TATACONSUM.NS,SELL,647.9842529296875,4,7.082678265721547,60135.11906814575,Profit target hit
2021-06-02,HEROMOTOCO.NS,AVG,2575.110595703125,1,0.0,57560.00847244263,Averaging trigger hit
2021-06-03,ITC.NS,BUY,176.30931091308594,17,0.0,54562.750186920166,Top faller below 20 SMA
2021-06-04,TATAMOTORS.NS,SELL,331.0628967285156,9,6.26585671000132,57542.31625747681,Profit target hit
2021-06-07,LT.NS,SELL,1481.6265869140625,2,6.508967386058299,60505.56943130493,Profit target hit
2021-06-07,DRREDDY.NS,BUY,1011.54052734375,2,0.0,58482.48837661743,Top faller below 20 SMA
2021-06-08,HINDALCO.NS,BUY,376.9496765136719,7,0.0,55843.84064102173,Top faller below 20 SMA
2021-06-09,HCLTECH.NS,SELL,823.1755981445312,3,5.259440868566776,58313.36743545532,Profit target hit
2021-06-10,HDFCBANK.NS,BUY,1406.3055419921875,2,0.0,55500.75635147095,Top faller below 20 SMA
2021-06-11,TATASTEEL.NS,SELL,99.7197494506836,32,7.041550947992277,58691.78833389282,Profit target hit
2021-06-11,ICICIBANK.NS,BUY,619.5853271484375,4,0.0,56213.44702529907,Top faller below 20 SMA
2021-06-14,ADANIPORTS.NS,BUY,745.9478149414062,4,0.0,53229.65576553345,Top faller below 20 SMA
2021-06-17,NESTLEIND.NS,SELL,1725.9617919921875,2,5.421017570705184,56681.57934951782,Profit target hit
2021-06-17,INDUSINDBK.NS,BUY,950.301025390625,3,0.0,53830.67627334595,Top faller below 20 SMA
2021-06-18,HINDUNILVR.NS,SELL,2327.18798828125,1,7.381677698673568,56157.8642616272,Profit target hit
2021-06-18,COALINDIA.NS,BUY,103.38587188720703,29,0.0,53159.67397689819,Top faller below 20 SMA
2021-06-21,HDFCLIFE.NS,SELL,707.9149780273438,4,7.896130030398139,55991.33388900757,Profit target hit
2021-06-21,UPL.NS,BUY,733.5510864257812,4,0.0,53057.12954330444,Top faller below 20 SMA
2021-06-22,M&M.NS,AVG,739.5382690429688,4,0.0,50098.97646713257,Averaging trigger hit
2021-06-23,ADANIPORTS.NS,AVG,697.6546020507812,4,0.0,47308.35805892944,Averaging trigger hit
2021-06-24,UPL.NS,SELL,772.736572265625,4,5.341889142414683,50399.30434799194,Profit target hit
2021-06-24,HINDALCO.NS,AVG,358.7705078125,8,0.0,47529.14028549194,Averaging trigger hit
2021-06-25,RELIANCE.NS,BUY,961.3743896484375,3,0.0,44645.01711654663,Top faller below 20 SMA
2021-06-28,IOC.NS,BUY,58.15019989013672,51,0.0,41679.35692214966,Top faller below 20 SMA
2021-06-29,HEROMOTOCO.NS,AVG,2536.041259765625,1,0.0,39143.31566238403,Averaging trigger hit
2021-06-30,ONGC.NS,BUY,90.8091812133789,33,0.0,36146.61268234253,Top faller below 20 SMA
2021-07-01,DRREDDY.NS,SELL,1077.3009033203125,2,6.501012485307498,38301.214488983154,Profit target hit
2021-07-02,POWERGRID.NS,BUY,103.884033203125,28,0.0,35392.461559295654,Top faller below 20 SMA
2021-07-05,BPCL.NS,BUY,188.38612365722656,15,0.0,32566.669704437256,Top faller below 20 SMA
2021-07-06,SBILIFE.NS,SELL,1015.0985717773438,3,5.883267841383553,35611.96541976929,Profit target hit
2021-07-06,TATAMOTORS.NS,BUY,313.22235107421875,9,0.0,32792.96426010132,Top faller below 20 SMA
2021-07-07,INDUSINDBK.NS,SELL,1009.064208984375,3,6.183638870598415,35820.15688705444,Profit target hit
2021-07-07,WIPRO.NS,BUY,257.1332702636719,11,0.0,32991.69091415405,Top faller below 20 SMA
2021-07-13,TCS.NS,BUY,2996.89599609375,1,0.0,29994.794918060303,Top faller below 20 SMA
2021-07-14,WIPRO.NS,SELL,271.4117431640625,11,5.552946487923973,32980.32409286499,Profit target hit
2021-07-15,HINDALCO.NS,SELL,390.2680969238281,15,6.266499354380767,38834.34554672241,Profit target hit
2021-07-20,INDUSINDBK.NS,BUY,947.8867797851562,3,0.0,35990.68520736694,Top faller below 20 SMA
2021-07-22,HDFCLIFE.NS,BUY,654.0433959960938,4,0.0,33374.51162338257,Top faller below 20 SMA
2021-07-23,ICICIBANK.NS,SELL,659.4972534179688,4,6.44171585747855,36012.50063705444,Profit target hit
2021-07-23,HINDUNILVR.NS,BUY,2210.215087890625,1,0.0,33802.28554916382,Top faller below 20 SMA
2021-07-26,SUNPHARMA.NS,SELL,673.845458984375,4,5.024253890363588,36497.66738510132,Profit target hit
2021-07-26,ADANIPORTS.NS,AVG,667.44921875,4,0.0,33827.87051010132,Averaging trigger hit
2021-07-27,DRREDDY.NS,BUY,943.0090942382812,3,0.0,30998.843227386475,Top faller below 20 SMA
2021-07-28,BHARTIARTL.NS,SELL,544.8137817382812,5,5.882345265806977,33722.91213607788,Profit target hit
2021-07-28,CIPLA.NS,BUY,858.8680419921875,3,0.0,31146.30801010132,Top faller below 20 SMA
2021-07-29,JSWSTEEL.NS,SELL,715.3776245117188,4,8.23795317714016,34007.81850814819,Profit target hit
2021-07-30,AXISBANK.NS,BUY,705.952392578125,4,0.0,31184.008937835693,Top faller below 20 SMA
2021-08-02,HEROMOTOCO.NS,AVG,2431.582763671875,1,0.0,28752.42617416382,Averaging trigger hit
2021-08-03,UPL.NS,BUY,759.7425537109375,3,0.0,26473.198513031006,Top faller below 20 SMA
2021-08-04,AXISBANK.NS,SELL,750.6656494140625,4,6.333749599267667,29475.861110687256,Profit target hit
2021-08-05,CIPLA.NS,SELL,912.4327392578125,3,6.2366620536233945,32213.159328460693,Profit target hit
2021-08-05,NTPC.NS,BUY,99.66242218017578,30,0.0,29223.28666305542,Top faller below 20 SMA
2021-08-06,ITC.NS,SELL,185.7202606201172,17,5.337749695857245,32380.531093597412,Profit target hit
2021-08-06,CIPLA.NS,BUY,879.5218505859375,3,0.0,29741.9655418396,Top faller below 20 SMA
2021-08-09,INDUSINDBK.NS,SELL,1007.0363159179688,3,6.240147810292181,32763.074489593506,Profit target hit
2021-08-09,GRASIM.NS,BUY,1482.6156005859375,2,0.0,29797.84328842163,Top faller below 20 SMA
2021-08-11,TCS.NS,SELL,3151.03759765625,1,5.143375070853747,32948.88088607788,Profit target hit
2021-08-12,POWERGRID.NS,SELL,113.62908172607422,28,9.380699056894214,36130.49517440796,Profit target hit
2021-08-17,HINDUNILVR.NS,SELL,2328.031494140625,1,5.330540312365756,38458.526668548584,Profit target hit
2021-08-20,JSWSTEEL.NS,BUY,654.3927001953125,4,0.0,35840.955867767334,Top faller below 20 SMA
2021-08-23,HINDALCO.NS,BUY,398.2538757324219,7,0.0,33053.17873764038,Top faller below 20 SMA
2021-08-24,HDFCBANK.NS,SELL,1486.585205078125,2,5.70855057374036,36026.34914779663,Profit target hit
2021-08-25,HINDALCO.NS,SELL,421.5999755859375,7,5.862114916165025,38977.54897689819,Profit target hit
2021-08-26,RELIANCE.NS,SELL,1018.9349365234375,3,5.98731851969233,42034.353786468506,Profit target hit
2021-08-27,HDFCLIFE.NS,SELL,695.5322875976562,4,6.343446299671879,44816.48293685913,Profit target hit
2021-08-27,SBIN.NS,BUY,384.088134765625,7,0.0,42127.865993499756,Top faller below 20 SMA
2021-08-31,INDUSINDBK.NS,BUY,963.0904541015625,3,0.0,39238.59463119507,Top faller below 20 SMA
2021-09-01,INFY.NS,BUY,1524.41455078125,1,0.0,37714.18008041382,Top faller below 20 SMA
2021-09-02,CIPLA.NS,SELL,927.0255737304688,3,5.401085045571554,40495.256801605225,Profit target hit
2021-09-02,POWERGRID.NS,BUY,106.7930908203125,28,0.0,37505.050258636475,Top faller below 20 SMA
2021-09-03,BPCL.NS,SELL,201.33587646484375,15,6.874048128502075,40525.08840560913,Profit target hit
2021-09-03,TATAMOTORS.NS,AVG,292.1200866699219,10,0.0,37603.88753890991,Averaging trigger hit
2021-09-06,EICHERMOT.NS,SELL,2764.607421875,2,6.442563707745405,43133.10238265991,Profit target hit
2021-09-07,SUNPHARMA.NS,BUY,739.4944458007812,4,0.0,40175.12459945679,Top faller below 20 SMA
2021-09-09,GRASIM.NS,SELL,1571.922119140625,2,6.023578769803386,43318.96883773804,Profit target hit
2021-09-13,COALINDIA.NS,SELL,111.89247131347656,29,8.228009563579585,46563.85050582886,Profit target hit
2021-09-13,SBILIFE.NS,BUY,1155.9810791015625,2,0.0,44251.88834762573,Top faller below 20 SMA
2021-09-14,ONGC.NS,SELL,97.1292953491211,33,6.959774387670667,47457.15509414673,Profit target hit
2021-09-14,HDFCBANK.NS,BUY,1476.7628173828125,2,0.0,44503.6294593811,Top faller below 20 SMA
2021-09-15,NTPC.NS,SELL,109.2192611694336,30,9.589210035433796,47780.20729446411,Profit target hit
2021-09-15,M&M.NS,AVG,728.4708862304688,4,0.0,44866.323749542236,Averaging trigger hit
2021-09-16,INDUSINDBK.NS,SELL,1097.54833984375,3,13.9610859156131,48158.968769073486,Profit target hit
2021-09-16,BPCL.NS,BUY,188.7860107421875,15,0.0,45327.178607940674,Top faller below 20 SMA
2021-09-17,KOTAKBANK.NS,SELL,2000.589111328125,1,14.600515172859534,47327.7677192688,Profit target hit
2021-09-17,TATASTEEL.NS,BUY,121.97895050048828,24,0.0,44400.27290725708,Top faller below 20 SMA
2021-09-20,SBIN.NS,SELL,407.3690490722656,7,6.061346914776971,47251.85625076294,Profit target hit
2021-09-20,UPL.NS,AVG,678.10302734375,4,0.0,44539.44414138794,Averaging trigger hit
2021-09-21,IOC.NS,SELL,61.19901657104492,51,5.243002924613051,47660.59398651123,Profit target hit
2021-09-23,TATAMOTORS.NS,SELL,317.76898193359375,19,5.181152666839422,53698.20464324951,Profit target hit
2021-09-23,TATACONSUM.NS,BUY,823.0465698242188,3,0.0,51229.064933776855,Top faller below 20 SMA
2021-09-24,INFY.NS,SELL,1602.645263671875,1,5.131852936626221,52831.71019744873,Profit target hit
2021-09-28,POWERGRID.NS,SELL,113.7482681274414,28,6.512759630519096,56016.66170501709,Profit target hit
2021-09-28,WIPRO.NS,BUY,309.052734375,9,0.0,53235.18709564209,Top faller below 20 SMA
2021-09-29,SUNPHARMA.NS,SELL,779.2593994140625,4,5.377316062221497,56352.22469329834,Profit target hit
2021-09-29,TECHM.NS,BUY,1285.496337890625,2,0.0,53781.23201751709,Top faller below 20 SMA
2021-10-01,M&M.NS,SELL,798.6553955078125,14,5.623512070663494,64962.407554626465,Profit target hit
2021-10-04,SBILIFE.NS,SELL,1221.1639404296875,2,5.638748116775893,67404.73543548584,Profit target hit
2021-10-04,EICHERMOT.NS,BUY,2668.401611328125,1,0.0,64736.333824157715,Top faller below 20 SMA
2021-10-05,NESTLEIND.NS,BUY,1853.6953125,1,0.0,62882.638511657715,Top faller below 20 SMA
2021-10-06,CIPLA.NS,BUY,886.4605712890625,3,0.0,60223.25679779053,Top faller below 20 SMA
2021-10-08,HINDUNILVR.NS,BUY,2474.48291015625,1,0.0,57748.77388763428,Top faller below 20 SMA
2021-10-11,HDFCBANK.NS,SELL,1558.060791015625,2,5.505147656472861,60864.89546966553,Profit target hit
2021-10-12,EICHERMOT.NS,SELL,2827.481689453125,1,5.9616242716111305,63692.37715911865,Profit target hit
2021-10-13,ADANIPORTS.NS,SELL,741.9360961914062,12,5.435994595730772,72595.61031341553,Profit target hit
2021-10-13,HDFCLIFE.NS,BUY,692.3712768554688,4,0.0,69826.12520599365,Top faller below 20 SMA
2021-10-14,WIPRO.NS,SELL,342.2242431640625,9,10.733284355547129,72906.14339447021,Profit target hit
2021-10-14,HCLTECH.NS,BUY,1066.746826171875,2,0.0,70772.64974212646,Top faller below 20 SMA
2021-10-18,TECHM.NS,SELL,1363.15966796875,2,6.04150535392135,73498.96907806396,Profit target hit
2021-10-19,EICHERMOT.NS,BUY,2627.392578125,1,0.0,70871.57649993896,Top faller below 20 SMA
2021-10-21,ASIANPAINT.NS,BUY,2892.1591796875,1,0.0,67979.41732025146,Top faller below 20 SMA
2021-10-25,COALINDIA.NS,BUY,126.00566864013672,23,0.0,65081.28694152832,Top faller below 20 SMA
2021-10-26,HEROMOTOCO.NS,AVG,2360.1787109375,1,0.0,62721.10823059082,Averaging trigger hit
2021-10-28,ADANIPORTS.NS,BUY,672.6300659179688,4,0.0,60030.587966918945,Top faller below 20 SMA
2021-10-29,NTPC.NS,BUY,116.65003967285156,25,0.0,57114.336975097656,Top faller below 20 SMA
2021-11-01,HEROMOTOCO.NS,AVG,2342.873779296875,1,0.0,54771.46319580078,Averaging trigger hit
2021-11-02,ITC.NS,BUY,195.55889892578125,15,0.0,51838.07971191406,Top faller below 20 SMA
2021-11-03,ASIANPAINT.NS,SELL,3058.24560546875,1,5.742644697695918,54896.32531738281,Profit target hit
2021-11-03,RELIANCE.NS,BUY,1134.581298828125,2,0.0,52627.16271972656,Top faller below 20 SMA
2021-11-04,AXISBANK.NS,BUY,749.8192749023438,4,0.0,49627.88562011719,Top faller below 20 SMA
2021-11-08,ADANIPORTS.NS,SELL,714.0280151367188,4,6.154638532586607,52483.99768066406,Profit target hit
2021-11-08,INDUSINDBK.NS,BUY,1029.81005859375,2,0.0,50424.37756347656,Top faller below 20 SMA
2021-11-09,HINDALCO.NS,BUY,454.7837219238281,6,0.0,47695.675231933594,Top faller below 20 SMA
2021-11-10,HDFCBANK.NS,BUY,1483.1522216796875,2,0.0,44729.37078857422,Top faller below 20 SMA
2021-11-12,POWERGRID.NS,BUY,112.54244995117188,26,0.0,41803.26708984375,Top faller below 20 SMA
2021-11-15,UPL.NS,SELL,753.4959106445312,7,5.666106069491725,47077.73846435547,Profit target hit
2021-11-15,TATASTEEL.NS,AVG,109.61735534667969,27,0.0,44118.06986999512,Averaging trigger hit
2021-11-16,COALINDIA.NS,AVG,115.11317443847656,26,0.0,41125.12733459473,Averaging trigger hit
2021-11-17,ITC.NS,SELL,207.60794067382812,15,6.161336463967176,44239.24644470215,Profit target hit
2021-11-18,POWERGRID.NS,SELL,119.0352783203125,26,5.769226075989664,47334.16368103027,Profit target hit
2021-11-18,HCLTECH.NS,AVG,962.9072875976562,3,0.0,44445.441818237305,Averaging trigger hit
2021-11-26,CIPLA.NS,SELL,938.1372680664062,3,5.829553896818801,47259.85362243652,Profit target hit
2021-11-26,TATASTEEL.NS,AVG,97.89825439453125,30,0.0,44322.905990600586,Averaging trigger hit
2021-11-30,BAJAJ-AUTO.NS,BUY,2931.574462890625,1,0.0,41391.33152770996,Top faller below 20 SMA
2021-12-01,IOC.NS,BUY,64.9651870727539,46,0.0,38402.93292236328,Top faller below 20 SMA
2021-12-02,HEROMOTOCO.NS,AVG,2161.086181640625,1,0.0,36241.846740722656,Averaging trigger hit
2021-12-03,M&M.NS,BUY,807.4344482421875,3,0.0,33819.543395996094,Top faller below 20 SMA
2021-12-06,HEROMOTOCO.NS,AVG,2115.027587890625,1,0.0,31704.51580810547,Averaging trigger hit
2021-12-08,KOTAKBANK.NS,BUY,1913.4097900390625,1,0.0,29791.106018066406,Top faller below 20 SMA
2021-12-14,BHARTIARTL.NS,BUY,675.9420166015625,4,0.0,27087.337951660156,Top faller below 20 SMA
2021-12-15,BAJFINANCE.NS,BUY,672.7293090820312,4,0.0,24396.42071533203,Top faller below 20 SMA
2021-12-16,BAJAJFINSV.NS,BUY,1666.98974609375,1,0.0,22729.43096923828,Top faller below 20 SMA
2021-12-17,INDUSINDBK.NS,AVG,856.9214477539062,3,0.0,20158.666625976562,Averaging trigger hit
2021-12-20,ONGC.NS,BUY,108.88587188720703,27,0.0,17218.748085021973,Top faller below 20 SMA
2021-12-21,TATACONSUM.NS,AVG,682.8001098632812,4,0.0,14487.547645568848,Averaging trigger hit
2021-12-22,HEROMOTOCO.NS,AVG,2052.80078125,1,0.0,12434.746864318848,Averaging trigger hit
2021-12-23,HCLTECH.NS,SELL,1055.09765625,5,5.0430485380392165,17710.235145568848,Profit target hit
2021-12-23,HEROMOTOCO.NS,AVG,2091.16796875,1,0.0,15619.067176818848,Averaging trigger hit
2021-12-24,BPCL.NS,AVG,161.8968963623047,18,0.0,12704.923042297363,Averaging trigger hit
2021-12-27,GRASIM.NS,BUY,1576.49658203125,1,0.0,11128.426460266113,Top faller below 20 SMA
2021-12-28,HINDUNILVR.NS,AVG,2177.588134765625,1,0.0,8950.838325500488,Averaging trigger hit
2021-12-29,SBIN.NS,BUY,423.1534729003906,7,0.0,5988.764015197754,Top faller below 20 SMA
2021-12-30,AXISBANK.NS,AVG,666.0689697265625,4,0.0,3324.488136291504,Averaging trigger hit
2021-12-31,ONGC.NS,SELL,115.71151733398438,27,6.268623585847675,6448.699104309082,Profit target hit
2021-12-31,TATASTEEL.NS,AVG,97.82344055175781,30,0.0,3513.9958877563477,Averaging trigger hit
2022-01-03,BAJFINANCE.NS,SELL,709.31201171875,4,5.437952850105113,6351.243934631348,Profit target hit
2022-01-03,ITC.NS,BUY,189.92445373535156,15,0.0,3502.377128601074,Top faller below 20 SMA
2022-01-04,SBIN.NS,SELL,450.2524108886719,7,6.404044802595838,6654.144004821777,Profit target hit
2022-01-04,HEROMOTOCO.NS,AVG,2171.74853515625,1,0.0,4482.395469665527,Averaging trigger hit
2022-01-05,GRASIM.NS,SELL,1718.6473388671875,1,9.016876944495635,6201.042808532715,Profit target hit
2022-01-05,HEROMOTOCO.NS,AVG,2190.189697265625,1,0.0,4010.85311126709,Averaging trigger hit
2022-01-06,BAJAJFINSV.NS,SELL,1795.0477294921875,1,7.681989868174968,5805.900840759277,Profit target hit
2022-01-06,TECHM.NS,BUY,1558.8839111328125,1,0.0,4247.016929626465,Top faller below 20 SMA
2022-01-07,HINDALCO.NS,SELL,483.0730895996094,6,6.220400228071366,7145.455467224121,Profit target hit
2022-01-07,INFY.NS,BUY,1663.0943603515625,1,0.0,5482.361106872559,Top faller below 20 SMA
2022-01-10,BAJAJ-AUTO.NS,SELL,3107.81396484375,1,6.011769586072437,8590.175071716309,Profit target hit
2022-01-10,POWERGRID.NS,BUY,128.6370391845703,23,0.0,5631.523170471191,Top faller below 20 SMA
2022-01-12,BHARTIARTL.NS,SELL,713.668212890625,4,5.581276997506193,8486.196022033691,Profit target hit
2022-01-12,CIPLA.NS,BUY,879.4248046875,3,0.0,5847.921607971191,Top faller below 20 SMA
2022-01-13,M&M.NS,SELL,864.4020385742188,3,7.05538269466353,8441.127723693848,Profit target hit
2022-01-13,WIPRO.NS,BUY,313.9572448730469,9,0.0,5615.512519836426,Top faller below 20 SMA
2022-01-14,INFY.NS,SELL,1768.555908203125,1,6.341284677874135,7384.068428039551,Profit target hit
2022-01-17,EICHERMOT.NS,SELL,2764.024658203125,1,5.20029177275177,10148.093086242676,Profit target hit
2022-01-17,HCLTECH.NS,BUY,1082.0028076171875,2,0.0,7984.087471008301,Top faller below 20 SMA
2022-01-18,IOC.NS,SELL,68.4149169921875,46,5.310120812197883,11131.173652648926,Profit target hit
2022-01-20,COALINDIA.NS,SELL,126.58739471435547,49,5.291216581831401,17333.955993652344,Profit target hit
2022-01-21,POWERGRID.NS,SELL,135.63641357421875,23,5.4411811979018205,20453.593505859375,Profit target hit
2022-01-24,BAJAJFINSV.NS,BUY,1567.569091796875,1,0.0,18886.0244140625,Top faller below 20 SMA
2022-01-25,AXISBANK.NS,SELL,749.0723266601562,8,5.809526917356746,24878.60302734375,Profit target hit
2022-01-28,NTPC.NS,SELL,123.24539947509766,25,5.653971332322709,27959.73801422119,Profit target hit
2022-02-01,WIPRO.NS,AVG,279.08917236328125,10,0.0,25168.84629058838,Averaging trigger hit
2022-02-02,BAJAJFINSV.NS,SELL,1667.254150390625,1,6.359213071717488,26836.100440979004,Profit target hit
2022-02-03,ITC.NS,SELL,203.2304229736328,15,7.005927344575821,29884.556785583496,Profit target hit
2022-02-03,BAJFINANCE.NS,BUY,698.6078491210938,4,0.0,27090.12538909912,Top faller below 20 SMA
2022-02-04,SBILIFE.NS,BUY,1162.87646484375,2,0.0,24764.37245941162,Top faller below 20 SMA
2022-02-07,BAJAJFINSV.NS,BUY,1567.9884033203125,1,0.0,23196.38405609131,Top faller below 20 SMA
2022-02-08,TECHM.NS,AVG,1321.287841796875,2,0.0,20553.80837249756,Averaging trigger hit
2022-02-09,CIPLA.NS,SELL,939.6414184570312,3,6.847272609160596,23372.732627868652,Profit target hit
2022-02-09,LT.NS,BUY,1816.7750244140625,1,0.0,21555.95760345459,Top faller below 20 SMA
2022-02-10,HDFCLIFE.NS,AVG,598.8729248046875,5,0.0,18561.592979431152,Averaging trigger hit
2022-02-11,DRREDDY.NS,AVG,842.1632690429688,3,0.0,16035.103172302246,Averaging trigger hit
2022-02-14,UPL.NS,BUY,693.57568359375,4,0.0,13260.800437927246,Top faller below 20 SMA
2022-02-15,POWERGRID.NS,BUY,128.29022216796875,23,0.0,10310.125328063965,Top faller below 20 SMA
2022-02-16,ICICIBANK.NS,BUY,746.8621215820312,4,0.0,7322.67684173584,Top faller below 20 SMA
2022-02-22,SBIN.NS,BUY,464.1278381347656,6,0.0,4537.909812927246,Top faller below 20 SMA
2022-02-24,TATAMOTORS.NS,BUY,422.983642578125,7,0.0,1577.024314880371,Top faller below 20 SMA
2022-02-25,TATAMOTORS.NS,SELL,454.4145812988281,7,7.430769315127319,4757.926383972168,Profit target hit
2022-02-25,GRASIM.NS,BUY,1542.36083984375,1,0.0,3215.565544128418,Top faller below 20 SMA
2022-02-28,POWERGRID.NS,SELL,135.54888916015625,23,5.65800484988156,6333.189994812012,Profit target hit
2022-02-28,TATAMOTORS.NS,BUY,448.78070068359375,6,0.0,3640.505790710449,Top faller below 20 SMA
2022-03-02,TATASTEEL.NS,SELL,113.48117065429688,111,7.123130527613332,16236.915733337402,Profit target hit
2022-03-03,ASIANPAINT.NS,BUY,2770.086669921875,1,0.0,13466.829063415527,Top faller below 20 SMA
2022-03-07,M&M.NS,BUY,666.1973266601562,4,0.0,10802.039756774902,Top faller below 20 SMA
2022-03-08,EICHERMOT.NS,BUY,2192.376953125,1,0.0,8609.662803649902,Top faller below 20 SMA
2022-03-09,M&M.NS,SELL,708.93505859375,4,6.415176138254804,11445.403038024902,Profit target hit
2022-03-09,AXISBANK.NS,BUY,671.3966674804688,4,0.0,8759.816368103027,Top faller below 20 SMA
2022-03-11,M&M.NS,BUY,708.8867797851562,4,0.0,5924.269248962402,Top faller below 20 SMA
2022-03-14,AXISBANK.NS,SELL,707.0975952148438,4,5.317412114711391,8752.659629821777,Profit target hit
2022-03-16,ASIANPAINT.NS,SELL,2934.156494140625,1,5.92291302652192,11686.816123962402,Profit target hit
2022-03-17,M&M.NS,SELL,766.385009765625,4,8.111059709407312,14752.356163024902,Profit target hit
2022-03-17,HDFCLIFE.NS,AVG,523.698974609375,5,0.0,12133.861289978027,Averaging trigger hit
2022-03-21,UPL.NS,SELL,745.6635131835938,4,7.51004264162659,15116.515342712402,Profit target hit
2022-03-22,EICHERMOT.NS,SELL,2313.21728515625,1,5.511841011601812,17429.732627868652,Profit target hit
2022-03-22,EICHERMOT.NS,BUY,2313.21728515625,1,0.0,15116.515342712402,Top faller below 20 SMA
2022-03-23,BRITANNIA.NS,BUY,2959.716552734375,1,0.0,12156.798789978027,Top faller below 20 SMA
2022-03-25,JSWSTEEL.NS,SELL,689.5211791992188,4,5.368103738538292,14914.883506774902,Profit target hit
2022-03-25,HINDUNILVR.NS,AVG,1841.7694091796875,1,0.0,13073.114097595215,Averaging trigger hit
2022-03-28,RELIANCE.NS,SELL,1197.7835693359375,2,5.570536952538547,15468.68123626709,Profit target hit
2022-03-29,BAJAJFINSV.NS,SELL,1646.8651123046875,1,5.03043956303176,17115.546348571777,Profit target hit
2022-03-30,GRASIM.NS,SELL,1640.5875244140625,1,6.368593005788672,18756.13387298584,Profit target hit
2022-03-30,ONGC.NS,BUY,133.02464294433594,22,0.0,15829.59172821045,Top faller below 20 SMA
2022-03-31,HINDALCO.NS,BUY,557.46728515625,5,0.0,13042.2553024292,Top faller below 20 SMA
2022-04-01,TITAN.NS,BUY,2488.19677734375,1,0.0,10554.05852508545,Top faller below 20 SMA
2022-04-04,HDFCBANK.NS,SELL,1579.9947509765625,2,6.529507078322661,13714.048027038574,Profit target hit
2022-04-05,EICHERMOT.NS,SELL,2471.665283203125,1,6.849680705034693,16185.7133102417,Profit target hit
2022-04-05,CIPLA.NS,BUY,991.2695922851562,3,0.0,13211.90453338623,Top faller below 20 SMA
2022-04-06,ONGC.NS,SELL,141.8929443359375,22,6.666660548987526,16333.549308776855,Profit target hit
2022-04-06,INFY.NS,BUY,1676.431640625,1,0.0,14657.117668151855,Top faller below 20 SMA
2022-04-07,BRITANNIA.NS,SELL,3142.751953125,1,6.184220587661518,17799.869621276855,Profit target hit
2022-04-08,TATACONSUM.NS,SELL,791.1657104492188,7,6.496110149420374,23338.029594421387,Profit target hit
2022-04-08,HEROMOTOCO.NS,AVG,2110.37548828125,1,0.0,21227.654106140137,Averaging trigger hit
2022-04-11,HEROMOTOCO.NS,AVG,2086.211669921875,1,0.0,19141.44243621826,Averaging trigger hit
2022-04-12,HEROMOTOCO.NS,AVG,2052.713134765625,1,0.0,17088.729301452637,Averaging trigger hit
2022-04-13,HEROMOTOCO.NS,AVG,2031.7205810546875,1,0.0,15057.00872039795,Averaging trigger hit
2022-04-18,HDFCBANK.NS,BUY,1330.7601318359375,2,0.0,12395.488456726074,Top faller below 20 SMA
2022-04-19,INFY.NS,AVG,1431.8211669921875,2,0.0,9531.8461227417,Averaging trigger hit
2022-04-20,TECHM.NS,AVG,1206.1287841796875,2,0.0,7119.588554382324,Averaging trigger hit
2022-04-21,HCLTECH.NS,AVG,952.8008422851562,3,0.0,4261.1860275268555,Averaging trigger hit
2022-04-22,WIPRO.NS,AVG,262.40447998046875,11,0.0,1374.7367477416992,Averaging trigger hit
2022-05-02,INDUSINDBK.NS,SELL,988.0313720703125,5,6.68999307829162,6314.893608093262,Profit target hit
2022-05-02,ONGC.NS,BUY,128.3851776123047,23,0.0,3362.034523010254,Top faller below 20 SMA
2022-05-05,ONGC.NS,SELL,135.36488342285156,23,5.436535541216501,6475.42684173584,Profit target hit
2022-05-05,BAJAJFINSV.NS,BUY,1411.09326171875,2,0.0,3653.24031829834,Top faller below 20 SMA
2022-05-06,AXISBANK.NS,BUY,670.5999755859375,4,0.0,970.8404159545898,Top faller below 20 SMA
2022-05-27,HEROMOTOCO.NS,SELL,2429.5966796875,18,5.915682907056638,44703.58065032959,Profit target hit
2022-05-27,JSWSTEEL.NS,BUY,524.2024536132812,5,0.0,42082.56838226318,Top faller below 20 SMA
2022-05-30,TATASTEEL.NS,BUY,92.19053649902344,32,0.0,39132.47121429443,Top faller below 20 SMA
2022-05-31,ASIANPAINT.NS,BUY,2758.27099609375,1,0.0,36374.20021820068,Top faller below 20 SMA
2022-06-01,SUNPHARMA.NS,BUY,812.4664306640625,3,0.0,33936.800926208496,Top faller below 20 SMA
2022-06-02,POWERGRID.NS,BUY,146.17762756347656,20,0.0,31013.248374938965,Top faller below 20 SMA
2022-06-03,GRASIM.NS,BUY,1317.6739501953125,2,0.0,28377.90047454834,Top faller below 20 SMA
2022-06-06,JSWSTEEL.NS,SELL,553.4522094726562,5,5.579858632434666,31145.16152191162,Profit target hit
2022-06-15,INDUSINDBK.NS,BUY,818.3938598632812,3,0.0,28689.979942321777,Top faller below 20 SMA
2022-06-16,UPL.NS,BUY,657.0084838867188,4,0.0,26061.946006774902,Top faller below 20 SMA
2022-06-20,ONGC.NS,BUY,110.36116790771484,27,0.0,23082.1944732666,Top faller below 20 SMA
2022-06-21,HINDALCO.NS,AVG,332.0821533203125,9,0.0,20093.45509338379,Averaging trigger hit
2022-06-22,TECHM.NS,AVG,902.8462524414062,3,0.0,17384.91633605957,Averaging trigger hit
2022-06-23,WIPRO.NS,AVG,204.50177001953125,14,0.0,14521.891555786133,Averaging trigger hit
2022-06-24,NTPC.NS,BUY,123.62704467773438,24,0.0,11554.842483520508,Top faller below 20 SMA
2022-06-27,ONGC.NS,SELL,116.19125366210938,27,5.282732925832852,14692.006332397461,Profit target hit
2022-06-27,RELIANCE.NS,BUY,1138.715576171875,2,0.0,12414.575180053711,Top faller below 20 SMA
2022-06-28,TITAN.NS,AVG,1942.557373046875,1,0.0,10472.017807006836,Averaging trigger hit
2022-06-29,BAJFINANCE.NS,AVG,541.6221923828125,5,0.0,7763.906845092773,Averaging trigger hit
2022-06-30,BAJAJFINSV.NS,AVG,1091.378662109375,2,0.0,5581.149520874023,Averaging trigger hit
2022-07-01,ONGC.NS,BUY,107.61035919189453,27,0.0,2675.669822692871,Top faller below 20 SMA
2022-07-05,HINDUNILVR.NS,SELL,2284.720947265625,3,5.548679402305448,9529.832664489746,Profit target hit
2022-07-05,WIPRO.NS,AVG,201.8420867919922,14,0.0,6704.0434494018555,Averaging trigger hit
2022-07-06,TECHM.NS,AVG,930.392333984375,3,0.0,3912.8664474487305,Averaging trigger hit
2022-07-07,BPCL.NS,AVG,145.23265075683594,20,0.0,1008.2134323120117,Averaging trigger hit
2022-07-08,NTPC.NS,SELL,130.05274963378906,24,5.197653129058401,4129.479423522949,Profit target hit
2022-07-08,WIPRO.NS,AVG,204.52618408203125,14,0.0,1266.1128463745117,Averaging trigger hit
2022-07-18,GRASIM.NS,SELL,1405.07958984375,2,6.63332834617257,4076.2720260620117,Profit target hit
2022-07-18,TCS.NS,BUY,2924.386474609375,1,0.0,1151.8855514526367,Top faller below 20 SMA
2022-07-19,ASIANPAINT.NS,SELL,2928.85009765625,1,6.184276374731609,4080.7356491088867,Profit target hit
2022-07-19,HCLTECH.NS,AVG,792.8927001953125,3,0.0,1702.0575485229492,Averaging trigger hit
2022-07-21,INDUSINDBK.NS,SELL,920.0987548828125,3,12.427377575452706,4462.353813171387,Profit target hit
2022-07-21,WIPRO.NS,AVG,202.0373077392578,14,0.0,1633.8315048217773,Averaging trigger hit
2022-07-22,AXISBANK.NS,SELL,728.8192749023438,4,8.68167334267155,4549.108604431152,Profit target hit
2022-07-22,TECHM.NS,AVG,947.7120361328125,3,0.0,1705.9724960327148,Averaging trigger hit
2022-07-25,UPL.NS,SELL,705.3482666015625,4,7.3575583725915,4527.365562438965,Profit target hit
2022-07-25,BPCL.NS,AVG,139.83160400390625,21,0.0,1590.9018783569336,Averaging trigger hit
2022-07-26,BAJAJFINSV.NS,SELL,1329.1123046875,4,6.223953366422361,6907.351097106934,Profit target hit
2022-07-26,WIPRO.NS,AVG,197.7427978515625,15,0.0,3941.209129333496,Averaging trigger hit
2022-07-27,SBIN.NS,SELL,499.5549621582031,6,7.633053032503249,6938.538902282715,Profit target hit
2022-07-27,HDFCLIFE.NS,AVG,516.348876953125,5,0.0,4356.79451751709,Averaging trigger hit
2022-07-28,BAJFINANCE.NS,SELL,697.7940063476562,9,14.131716724426951,10636.940574645996,Profit target hit
2022-07-28,BHARTIARTL.NS,BUY,651.75244140625,4,0.0,8029.930809020996,Top faller below 20 SMA
2022-07-29,SUNPHARMA.NS,SELL,913.0989990234375,3,12.386058618707954,10769.227806091309,Profit target hit
2022-07-29,DRREDDY.NS,AVG,801.8580932617188,3,0.0,8363.653526306152,Averaging trigger hit
2022-08-01,SBILIFE.NS,SELL,1305.389404296875,2,12.255208851636167,10974.432334899902,Profit target hit
2022-08-01,TECHM.NS,AVG,966.9667358398438,3,0.0,8073.532127380371,Averaging trigger hit
2022-08-02,TATASTEEL.NS,SELL,99.25691986083984,32,7.664976938160306,11249.753562927246,Profit target hit
2022-08-02,HEROMOTOCO.NS,BUY,2507.065185546875,1,0.0,8742.688377380371,Top faller below 20 SMA
2022-08-03,TCS.NS,SELL,3187.852783203125,1,9.009284883556388,11930.541160583496,Profit target hit
2022-08-04,TITAN.NS,SELL,2400.718994140625,2,8.366156760422934,16731.979148864746,Profit target hit
2022-08-04,TATACONSUM.NS,BUY,769.7138061523438,3,0.0,14422.837730407715,Top faller below 20 SMA
2022-08-05,ICICIBANK.NS,SELL,819.3441162109375,4,9.704869551473863,17700.214195251465,Profit target hit
2022-08-08,BHARTIARTL.NS,SELL,691.4631958007812,4,6.092919929666786,20466.06697845459,Profit target hit
2022-08-10,HDFCBANK.NS,SELL,1414.5841064453125,2,6.298954454979812,23295.235191345215,Profit target hit
2022-08-10,SBIN.NS,BUY,486.7870788574219,6,0.0,20374.512718200684,Top faller below 20 SMA
2022-08-12,ONGC.NS,SELL,114.30264282226562,27,6.218995718095487,23460.684074401855,Profit target hit
2022-08-16,TATAMOTORS.NS,SELL,484.1652526855469,6,7.8845975212513615,26365.675590515137,Profit target hit
2022-08-17,RELIANCE.NS,SELL,1217.5186767578125,2,6.920349755015834,28800.71294403076,Profit target hit
2022-08-22,TATAMOTORS.NS,BUY,449.3243408203125,6,0.0,26104.766899108887,Top faller below 20 SMA
2022-08-23,SUNPHARMA.NS,BUY,862.87158203125,3,0.0,23516.152153015137,Top faller below 20 SMA
2022-08-26,HINDALCO.NS,SELL,434.703369140625,14,5.36300721678416,29601.999320983887,Profit target hit
2022-08-29,TCS.NS,BUY,2990.30078125,1,0.0,26611.698539733887,Top faller below 20 SMA
2022-09-01,TATACONSUM.NS,SELL,817.647216796875,3,6.227432879779234,29064.64019012451,Profit target hit
2022-09-02,WIPRO.NS,AVG,198.96282958984375,15,0.0,26080.197746276855,Averaging trigger hit
2022-09-05,LT.NS,SELL,1917.5369873046875,1,5.546199256185959,27997.734733581543,Profit target hit
2022-09-06,UPL.NS,BUY,718.8296508789062,4,0.0,25122.416130065918,Top faller below 20 SMA
2022-09-08,SBIN.NS,SELL,515.1128540039062,6,5.818925024257041,28213.093254089355,Profit target hit
2022-09-09,TATASTEEL.NS,BUY,98.05099487304688,30,0.0,25271.56340789795,Top faller below 20 SMA
2022-09-12,HINDUNILVR.NS,BUY,2454.92138671875,1,0.0,22816.6420211792,Top faller below 20 SMA
2022-09-13,ONGC.NS,BUY,112.57038116455078,26,0.0,19889.81211090088,Top faller below 20 SMA
2022-09-15,POWERGRID.NS,SELL,155.4994659423828,20,6.377062300356674,22999.801429748535,Profit target hit
2022-09-20,CIPLA.NS,SELL,1065.176025390625,3,7.455734916178914,26195.32950592041,Profit target hit
2022-09-23,POWERGRID.NS,BUY,132.56068420410156,22,0.0,23278.994453430176,Top faller below 20 SMA
2022-09-26,HINDALCO.NS,BUY,368.8631591796875,8,0.0,20328.089179992676,Top faller below 20 SMA
2022-09-27,INFY.NS,AVG,1290.9383544921875,2,0.0,17746.2124710083,Averaging trigger hit
2022-09-28,JSWSTEEL.NS,BUY,607.5064697265625,4,0.0,15316.18659210205,Top faller below 20 SMA
2022-09-29,ADANIPORTS.NS,BUY,803.57421875,3,0.0,12905.46393585205,Top faller below 20 SMA
2022-09-30,SUNPHARMA.NS,SELL,921.390380859375,3,6.781866507918634,15669.635078430176,Profit target hit
2022-09-30,COALINDIA.NS,BUY,170.1245574951172,17,0.0,12777.517601013184,Top faller below 20 SMA
2022-10-04,HINDALCO.NS,SELL,389.2622375488281,8,5.530256373259398,15891.615501403809,Profit target hit
2022-10-06,COALINDIA.NS,SELL,187.15704345703125,17,10.011773851287119,19073.28524017334,Profit target hit
2022-10-07,JSWSTEEL.NS,SELL,656.3336791992188,4,8.037315140797313,21698.619956970215,Profit target hit
2022-10-07,SBIN.NS,BUY,501.4465026855469,5,0.0,19191.38744354248,Top faller below 20 SMA
2022-10-10,TATACONSUM.NS,BUY,738.4083862304688,4,0.0,16237.753898620605,Top faller below 20 SMA
2022-10-12,POWERGRID.NS,SELL,141.0686492919922,22,6.418166245122156,19341.264183044434,Profit target hit
2022-10-13,SBILIFE.NS,BUY,1180.7447509765625,2,0.0,16979.77468109131,Top faller below 20 SMA
2022-10-18,SBIN.NS,SELL,531.947509765625,5,6.082604408790755,19639.512229919434,Profit target hit
2022-10-19,JSWSTEEL.NS,BUY,616.7694091796875,4,0.0,17172.434593200684,Top faller below 20 SMA
2022-10-20,INDUSINDBK.NS,BUY,1134.764892578125,2,0.0,14902.904808044434,Top faller below 20 SMA
2022-10-21,NESTLEIND.NS,SELL,1960.773681640625,1,5.776481626649471,16863.67848968506,Profit target hit
2022-10-21,ASIANPAINT.NS,BUY,2999.958740234375,1,0.0,13863.719749450684,Top faller below 20 SMA
2022-10-24,SBILIFE.NS,SELL,1250.0247802734375,2,5.867485689822066,16363.769309997559,Profit target hit
2022-10-24,WIPRO.NS,AVG,187.73854064941406,15,0.0,13547.691200256348,Averaging trigger hit
2022-10-25,BAJFINANCE.NS,BUY,700.3873901367188,4,0.0,10746.141639709473,Top faller below 20 SMA
2022-10-27,JSWSTEEL.NS,SELL,669.6859741210938,4,8.57963513653929,13424.885536193848,Profit target hit
2022-10-27,BAJAJFINSV.NS,BUY,1628.2698974609375,1,0.0,11796.61563873291,Top faller below 20 SMA
2022-10-31,WIPRO.NS,AVG,188.64134216308594,15,0.0,8966.995506286621,Averaging trigger hit
2022-11-01,BPCL.NS,AVG,136.548828125,21,0.0,6099.470115661621,Averaging trigger hit
2022-11-03,BAJAJFINSV.NS,SELL,1720.667724609375,1,5.674601446143491,7820.137840270996,Profit target hit
2022-11-04,ADANIPORTS.NS,SELL,849.3436889648438,3,5.695736516539873,10368.168907165527,Profit target hit
2022-11-07,CIPLA.NS,BUY,1102.8173828125,2,0.0,8162.534141540527,Top faller below 20 SMA
2022-11-10,POWERGRID.NS,BUY,140.64328002929688,21,0.0,5209.025260925293,Top faller below 20 SMA
2022-11-11,TCS.NS,SELL,3173.564697265625,1,6.128611448210817,8382.589958190918,Profit target hit
2022-11-14,HCLTECH.NS,SELL,989.2208251953125,8,6.927096132599109,16296.356559753418,Profit target hit
2022-11-14,TITAN.NS,BUY,2604.91845703125,1,0.0,13691.438102722168,Top faller below 20 SMA
2022-11-15,ONGC.NS,SELL,119.67434692382812,26,6.310688198606218,16802.9711227417,Profit target hit
2022-11-16,INFY.NS,SELL,1501.0072021484375,5,5.3789382174594325,24308.007133483887,Profit target hit
2022-11-17,M&M.NS,BUY,1227.3697509765625,2,0.0,21853.26763153076,Top faller below 20 SMA
2022-11-21,NTPC.NS,BUY,151.64080810546875,19,0.0,18972.092277526855,Top faller below 20 SMA
2022-11-22,BAJAJFINSV.NS,BUY,1640.6495361328125,1,0.0,17331.442741394043,Top faller below 20 SMA
2022-11-24,POWERGRID.NS,SELL,147.92726135253906,21,5.179046820953613,20437.915229797363,Profit target hit
2022-11-25,UPL.NS,SELL,756.860107421875,4,5.290607655996003,23465.355659484863,Profit target hit
2022-11-25,NESTLEIND.NS,BUY,1898.0357666015625,1,0.0,21567.3198928833,Top faller below 20 SMA
2022-11-28,TATACONSUM.NS,SELL,784.3912963867188,4,6.2273006392831,24704.885078430176,Profit target hit
2022-11-29,COALINDIA.NS,BUY,193.87144470214844,15,0.0,21796.81340789795,Top faller below 20 SMA
2022-11-30,ITC.NS,BUY,308.6086120605469,9,0.0,19019.335899353027,Top faller below 20 SMA
2022-12-02,TATASTEEL.NS,SELL,103.89508819580078,30,5.960259077759121,22136.18854522705,Profit target hit
2022-12-05,NTPC.NS,SELL,161.55650329589844,19,6.538935867140165,25205.76210784912,Profit target hit
2022-12-07,HINDUNILVR.NS,SELL,2592.97998046875,1,5.623748055514284,27798.74208831787,Profit target hit
2022-12-08,SUNPHARMA.NS,BUY,952.6165161132812,3,0.0,24940.892539978027,Top faller below 20 SMA
2022-12-09,HCLTECH.NS,BUY,924.8630981445312,3,0.0,22166.303245544434,Top faller below 20 SMA
2022-12-12,INFY.NS,BUY,1448.9381103515625,2,0.0,19268.42702484131,Top faller below 20 SMA
2022-12-13,INDUSINDBK.NS,SELL,1208.136474609375,2,6.465795911658291,21684.69997406006,Profit target hit
2022-12-15,WIPRO.NS,AVG,192.8626708984375,15,0.0,18791.759910583496,Averaging trigger hit
2022-12-16,WIPRO.NS,AVG,190.2030029296875,15,0.0,15938.714866638184,Averaging trigger hit
2022-12-22,UPL.NS,BUY,710.30810546875,4,0.0,13097.482444763184,Top faller below 20 SMA
2022-12-23,ADANIPORTS.NS,BUY,781.62451171875,3,0.0,10752.608909606934,Top faller below 20 SMA
2022-12-30,TATACONSUM.NS,BUY,747.9657592773438,4,0.0,7760.745872497559,Top faller below 20 SMA
2023-01-02,HINDUNILVR.NS,BUY,2450.322021484375,1,0.0,5310.423851013184,Top faller below 20 SMA
2023-01-04,GRASIM.NS,BUY,1667.9971923828125,1,0.0,3642.426658630371,Top faller below 20 SMA
2023-01-11,BHARTIARTL.NS,BUY,751.5435180664062,3,0.0,1387.7961044311523,Top faller below 20 SMA
2023-01-12,SUNPHARMA.NS,SELL,1003.1707153320312,3,5.306878304505305,4397.308250427246,Profit target hit
2023-01-13,M&M.NS,SELL,1294.422607421875,2,5.463134185273963,6986.153465270996,Profit target hit
2023-01-16,HCLTECH.NS,SELL,984.4505004882812,3,6.442834886946488,9939.50496673584,Profit target hit
2023-01-25,SBIN.NS,BUY,537.8585815429688,5,0.0,7250.212059020996,Top faller below 20 SMA
2023-01-27,ADANIENT.NS,BUY,2757.548583984375,1,0.0,4492.663475036621,Top faller below 20 SMA
2023-01-30,INDUSINDBK.NS,BUY,1065.4044189453125,2,0.0,2361.854637145996,Top faller below 20 SMA
2023-01-31,ADANIENT.NS,SELL,2969.697998046875,1,7.6934062121206885,5331.552635192871,Profit target hit
2023-01-31,ADANIENT.NS,BUY,2969.697998046875,1,0.0,2361.854637145996,Top faller below 20 SMA
2023-02-01,ITC.NS,SELL,328.03277587890625,9,6.29410945101833,5314.149620056152,Profit target hit
2023-02-01,SBILIFE.NS,BUY,1102.717529296875,2,0.0,3108.7145614624023,Top faller below 20 SMA
2023-02-02,ADANIENT.NS,AVG,1563.03857421875,1,0.0,1545.6759872436523,Averaging trigger hit
2023-02-08,INDUSINDBK.NS,SELL,1120.48193359375,2,5.169634522725276,3786.6398544311523,Profit target hit
2023-02-08,DIVISLAB.NS,BUY,2747.183837890625,1,0.0,1039.4560165405273,Top faller below 20 SMA
2023-02-09,SBILIFE.NS,SELL,1173.3394775390625,2,6.404355273758831,3386.1349716186523,Profit target hit
2023-02-09,TATASTEEL.NS,BUY,103.19937133789062,29,0.0,393.3532028198242,Top faller below 20 SMA
2023-02-15,UPL.NS,SELL,749.2637329101562,4,5.484328158651444,3390.408134460449,Profit target hit
2023-02-15,HINDALCO.NS,BUY,428.6774597167969,6,0.0,818.343376159668,Top faller below 20 SMA
2023-03-20,BPCL.NS,SELL,161.3595733642578,95,6.050561848245483,16147.50284576416,Profit target hit
2023-03-20,INDUSINDBK.NS,BUY,980.5379028320312,3,0.0,13205.889137268066,Top faller below 20 SMA
2023-03-21,M&M.NS,BUY,1130.8350830078125,2,0.0,10944.218971252441,Top faller below 20 SMA
2023-03-22,EICHERMOT.NS,BUY,2882.445068359375,1,0.0,8061.773902893066,Top faller below 20 SMA
2023-03-23,CIPLA.NS,AVG,847.5184326171875,3,0.0,5519.218605041504,Averaging trigger hit
2023-03-24,BAJAJFINSV.NS,AVG,1238.6112060546875,2,0.0,3041.996192932129,Averaging trigger hit
2023-03-27,ADANIENT.NS,AVG,1720.6156005859375,1,0.0,1321.3805923461914,Averaging trigger hit
2023-03-29,INDUSINDBK.NS,SELL,1034.1480712890625,3,5.467424390448557,4423.824806213379,Profit target hit
2023-03-29,BAJFINANCE.NS,AVG,554.6776123046875,5,0.0,1650.4367446899414,Averaging trigger hit
2023-03-31,DRREDDY.NS,SELL,906.2279663085938,9,5.088979221324678,9806.488441467285,Profit target hit
2023-03-31,ADANIPORTS.NS,AVG,621.9727783203125,4,0.0,7318.597328186035,Averaging trigger hit
2023-04-03,BPCL.NS,BUY,148.03443908691406,20,0.0,4357.908546447754,Top faller below 20 SMA
2023-04-12,DIVISLAB.NS,SELL,3152.580078125,1,14.756793289292613,7510.488624572754,Profit target hit
2023-04-12,NTPC.NS,BUY,166.39315795898438,18,0.0,4515.411781311035,Top faller below 20 SMA
2023-04-13,EICHERMOT.NS,SELL,3143.147216796875,1,9.044479331080053,7658.55899810791,Profit target hit
2023-04-13,HCLTECH.NS,BUY,973.512939453125,3,0.0,4738.020179748535,Top faller below 20 SMA
2023-04-17,INFY.NS,AVG,1178.3861083984375,2,0.0,2381.24796295166,Averaging trigger hit
2023-04-18,NESTLEIND.NS,SELL,2008.043701171875,1,5.795883118013206,4389.291664123535,Profit target hit
2023-04-18,WIPRO.NS,AVG,179.9821319580078,16,0.0,1509.5775527954102,Averaging trigger hit
2023-04-20,M&M.NS,SELL,1187.6544189453125,2,5.024546619686671,3884.886390686035,Profit target hit
2023-04-20,TCS.NS,BUY,2978.542236328125,1,0.0,906.3441543579102,Top faller below 20 SMA
2023-04-24,BPCL.NS,SELL,155.77378845214844,20,5.228073557052791,4021.819923400879,Profit target hit
2023-04-24,SUNPHARMA.NS,BUY,958.1543579101562,3,0.0,1147.3568496704102,Top faller below 20 SMA
2023-04-26,TATAMOTORS.NS,SELL,472.65045166015625,6,5.19137485346515,3983.2595596313477,Profit target hit
2023-04-26,UPL.NS,BUY,696.6735229492188,4,0.0,1196.5654678344727,Top faller below 20 SMA
2023-04-28,COALINDIA.NS,SELL,203.77545166015625,15,5.108543433626179,4253.197242736816,Profit target hit
2023-04-28,INFY.NS,AVG,1173.188720703125,2,0.0,1906.8198013305664,Averaging trigger hit
2023-05-02,UPL.NS,SELL,732.8536987304688,4,5.193275557263744,4838.234596252441,Profit target hit
2023-05-04,UPL.NS,BUY,712.4019775390625,4,0.0,1988.6266860961914,Top faller below 20 SMA
2023-05-05,HDFCBANK.NS,BUY,1568.3138427734375,1,0.0,420.3128433227539,Top faller below 20 SMA
2023-05-08,BAJFINANCE.NS,SELL,656.5126953125,9,5.985298103089327,6328.927101135254,Profit target hit
2023-05-08,WIPRO.NS,AVG,186.07286071777344,16,0.0,3351.761329650879,Averaging trigger hit
2023-05-09,TCS.NS,SELL,3149.73583984375,1,5.747563402917137,6501.497169494629,Profit target hit
2023-05-09,WIPRO.NS,AVG,187.02682495117188,16,0.0,3509.067970275879,Averaging trigger hit
2023-05-10,DRREDDY.NS,BUY,954.1687622070312,3,0.0,646.5616836547852,Top faller below 20 SMA
2023-05-12,TITAN.NS,SELL,2746.961669921875,1,5.4528851952052095,3393.52335357666,Profit target hit
2023-05-12,LT.NS,BUY,2163.76220703125,1,0.0,1229.7611465454102,Top faller below 20 SMA
2023-05-19,BHARTIARTL.NS,SELL,791.008056640625,3,5.251131521399359,3602.785316467285,Profit target hit
2023-05-22,ADANIENT.NS,SELL,2322.8134765625,3,11.435278824378987,10571.225746154785,Profit target hit
2023-05-22,DRREDDY.NS,AVG,873.8623657226562,3,0.0,7949.638648986816,Averaging trigger hit
2023-05-23,HCLTECH.NS,SELL,1022.9442749023438,3,5.077624903166362,11018.471473693848,Profit target hit
2023-05-23,UPL.NS,AVG,662.8795776367188,4,0.0,8366.953163146973,Averaging trigger hit
2023-05-24,JSWSTEEL.NS,BUY,685.8467407226562,4,0.0,5623.566200256348,Top faller below 20 SMA
2023-05-25,HINDALCO.NS,AVG,399.3383483886719,7,0.0,2828.1977615356445,Averaging trigger hit
2023-05-29,BAJAJFINSV.NS,SELL,1447.16796875,3,5.430765230649666,7169.7016677856445,Profit target hit
2023-05-29,ONGC.NS,BUY,144.0823516845703,20,0.0,4288.054634094238,Top faller below 20 SMA
2023-05-30,POWERGRID.NS,BUY,161.2616424560547,18,0.0,1385.345069885254,Top faller below 20 SMA
2023-05-31,ADANIPORTS.NS,SELL,727.2424926757812,7,5.3371686613450615,6476.042518615723,Profit target hit
2023-05-31,TATASTEEL.NS,AVG,98.14376068115234,30,0.0,3531.7296981811523,Averaging trigger hit
2023-06-01,HINDUNILVR.NS,SELL,2583.928955078125,1,5.452627549452155,6115.658653259277,Profit target hit
2023-06-01,COALINDIA.NS,BUY,201.3714141845703,14,0.0,3296.458854675293,Top faller below 20 SMA
2023-06-02,HEROMOTOCO.NS,SELL,2684.964111328125,1,7.0959034813625825,5981.422966003418,Profit target hit
2023-06-02,BPCL.NS,BUY,161.5390167236328,18,0.0,3073.7206649780273,Top faller below 20 SMA
2023-06-05,SBIN.NS,SELL,566.1472778320312,5,5.259504497987182,5904.457054138184,Profit target hit
2023-06-05,WIPRO.NS,AVG,197.7406463623047,15,0.0,2938.3473587036133,Averaging trigger hit
2023-06-07,TATACONSUM.NS,SELL,811.4500732421875,4,8.487596280634543,6184.147651672363,Profit target hit
2023-06-07,ICICIBANK.NS,BUY,924.5647583007812,3,0.0,3410.4533767700195,Top faller below 20 SMA
2023-06-08,JSWSTEEL.NS,SELL,737.8765258789062,4,7.586211622355712,6361.9594802856445,Profit target hit
2023-06-09,LT.NS,SELL,2301.999267578125,1,6.388736252887077,8663.95874786377,Profit target hit
2023-06-12,NTPC.NS,SELL,175.76339721679688,18,5.6313849516109595,11827.699897766113,Profit target hit
2023-06-13,ASIANPAINT.NS,SELL,3190.99072265625,1,6.367820325653893,15018.690620422363,Profit target hit
2023-06-14,GRASIM.NS,SELL,1755.872314453125,1,5.268301557796914,16774.56293487549,Profit target hit
2023-06-15,BPCL.NS,SELL,169.9962158203125,18,5.235390971302364,19834.494819641113,Profit target hit
2023-06-15,SBIN.NS,BUY,546.189453125,5,0.0,17103.547554016113,Top faller below 20 SMA
2023-06-16,DRREDDY.NS,SELL,963.5294799804688,6,5.4171852173766135,22884.724433898926,Profit target hit
2023-06-19,HDFCLIFE.NS,SELL,622.7052612304688,19,7.910470035137901,34716.12439727783,Profit target hit
2023-06-19,ADANIENT.NS,BUY,2398.007080078125,1,0.0,32318.117317199707,Top faller below 20 SMA
2023-06-20,POWERGRID.NS,SELL,170.62457275390625,18,5.806049197597035,35389.35962677002,Profit target hit
2023-06-22,TATASTEEL.NS,SELL,106.4239273071289,59,5.758997380760204,41668.371337890625,Profit target hit
2023-06-22,WIPRO.NS,AVG,187.02682495117188,16,0.0,38675.942138671875,Averaging trigger hit
2023-06-23,ADANIPORTS.NS,BUY,703.0781860351562,4,0.0,35863.62939453125,Top faller below 20 SMA
2023-06-26,WIPRO.NS,AVG,186.34193420410156,16,0.0,32882.158447265625,Averaging trigger hit
2023-06-28,ADANIPORTS.NS,SELL,744.6152954101562,4,5.907893346718484,35860.61962890625,Profit target hit
2023-06-28,HEROMOTOCO.NS,BUY,2625.65185546875,1,0.0,33234.9677734375,Top faller below 20 SMA
2023-06-30,SUNPHARMA.NS,SELL,1029.0509033203125,3,7.3992822581102375,36322.12048339844,Profit target hit
2023-06-30,GRASIM.NS,BUY,1711.7620849609375,1,0.0,34610.3583984375,Top faller below 20 SMA
2023-07-03,HDFCBANK.NS,SELL,1678.170166015625,1,7.004741031164744,36288.528564453125,Profit target hit
2023-07-03,ADANIPORTS.NS,BUY,725.8153076171875,4,0.0,33385.267333984375,Top faller below 20 SMA
2023-07-04,HEROMOTOCO.NS,SELL,2812.266845703125,1,7.107377539245742,36197.5341796875,Profit target hit
2023-07-04,AXISBANK.NS,BUY,968.13525390625,3,0.0,33293.12841796875,Top faller below 20 SMA
2023-07-06,TATACONSUM.NS,BUY,833.0894165039062,3,0.0,30793.86016845703,Top faller below 20 SMA
2023-07-10,HCLTECH.NS,BUY,1038.7872314453125,2,0.0,28716.285705566406,Top faller below 20 SMA
2023-07-11,CIPLA.NS,SELL,1002.2776489257812,5,5.543126488909624,33727.67395019531,Profit target hit
2023-07-12,ONGC.NS,SELL,151.92079162597656,20,5.44024986388785,36766.089782714844,Profit target hit
2023-07-13,POWERGRID.NS,BUY,166.7490692138672,17,0.0,33931.3556060791,Top faller below 20 SMA
2023-07-14,TECHM.NS,SELL,1131.9205322265625,17,7.756865158702832,53174.004653930664,Profit target hit
2023-07-17,HINDALCO.NS,SELL,441.6676940917969,13,6.972547443712081,58915.68467712402,Profit target hit
2023-07-17,NTPC.NS,BUY,176.52059936523438,16,0.0,56091.35508728027,Top faller below 20 SMA
2023-07-18,INFY.NS,SELL,1400.0794677734375,6,10.517671436337906,64491.8318939209,Profit target hit
2023-07-18,TITAN.NS,BUY,2977.7158203125,1,0.0,61514.1160736084,Top faller below 20 SMA
2023-07-19,SBIN.NS,SELL,579.8864135742188,5,6.169463774231269,64413.54814147949,Profit target hit
2023-07-20,ICICIBANK.NS,SELL,979.0433959960938,3,5.892354992573641,67350.67832946777,Profit target hit
2023-07-21,HINDUNILVR.NS,BUY,2514.364990234375,1,0.0,64836.3133392334,Top faller below 20 SMA
2023-07-24,NTPC.NS,SELL,185.41761779785156,16,5.040215399568517,67802.99522399902,Profit target hit
2023-07-25,GRASIM.NS,SELL,1804.9166259765625,1,5.44202619242795,69607.91184997559,Profit target hit
2023-07-27,M&M.NS,BUY,1425.4271240234375,2,0.0,66757.05760192871,Top faller below 20 SMA
2023-07-28,POWERGRID.NS,SELL,177.10658264160156,17,6.211437027243702,69767.86950683594,Profit target hit
2023-07-28,TECHM.NS,BUY,1031.4976806640625,2,0.0,67704.87414550781,Top faller below 20 SMA
2023-07-31,ADANIPORTS.NS,SELL,770.7769165039062,4,6.1946349732310395,70787.98181152344,Profit target hit
2023-07-31,BAJFINANCE.NS,BUY,722.9110107421875,4,0.0,67896.33776855469,Top faller below 20 SMA
2023-08-01,HDFCLIFE.NS,BUY,638.8058471679688,4,0.0,65341.11437988281,Top faller below 20 SMA
2023-08-02,TECHM.NS,SELL,1083.117431640625,2,5.004349689214084,67507.34924316406,Profit target hit
2023-08-02,BAJAJFINSV.NS,BUY,1525.2940673828125,1,0.0,65982.05517578125,Top faller below 20 SMA
2023-08-03,ADANIENT.NS,SELL,2530.285400390625,1,5.516177221136082,68512.34057617188,Profit target hit
2023-08-03,HEROMOTOCO.NS,BUY,2771.258056640625,1,0.0,65741.08251953125,Top faller below 20 SMA
2023-08-04,BPCL.NS,BUY,161.69606018066406,18,0.0,62830.5534362793,Top faller below 20 SMA
2023-08-07,M&M.NS,SELL,1503.7203369140625,2,5.492614218651396,65837.99411010742,Profit target hit
2023-08-07,SBIN.NS,BUY,547.539306640625,5,0.0,63100.2975769043,Top faller below 20 SMA
2023-08-11,HCLTECH.NS,SELL,1091.4949951171875,2,5.073971076689137,65283.28756713867,Profit target hit
2023-08-17,ITC.NS,BUY,412.80072021484375,7,0.0,62393.682525634766,Top faller below 20 SMA
2023-08-22,HDFCBANK.NS,BUY,1544.388671875,1,0.0,60849.293853759766,Top faller below 20 SMA
2023-08-24,UPL.NS,AVG,580.077392578125,5,0.0,57948.90689086914,Averaging trigger hit
2023-08-25,JSWSTEEL.NS,BUY,765.0804443359375,3,0.0,55653.66555786133,Top faller below 20 SMA
2023-08-28,RELIANCE.NS,BUY,1217.741943359375,2,0.0,53218.18167114258,Top faller below 20 SMA
2023-08-29,SUNPHARMA.NS,BUY,1091.611572265625,2,0.0,51034.95852661133,Top faller below 20 SMA
2023-08-30,DRREDDY.NS,BUY,1116.2188720703125,2,0.0,48802.5207824707,Top faller below 20 SMA
2023-08-31,ADANIENT.NS,BUY,2417.0390625,1,0.0,46385.4817199707,Top faller below 20 SMA
2023-09-04,COALINDIA.NS,SELL,220.42161560058594,14,9.460231231506794,49471.384338378906,Profit target hit
2023-09-04,KOTAKBANK.NS,AVG,1758.243408203125,1,0.0,47713.14093017578,Averaging trigger hit
2023-09-05,JSWSTEEL.NS,SELL,807.4336547851562,3,5.535785257977652,50135.44189453125,Profit target hit
2023-09-05,UPL.NS,AVG,601.493896484375,4,0.0,47729.46630859375,Averaging trigger hit
2023-09-06,TITAN.NS,SELL,3156.193115234375,1,5.9937652110517545,50885.659423828125,Profit target hit
2023-09-06,UPL.NS,AVG,602.7798461914062,4,0.0,48474.5400390625,Averaging trigger hit
2023-09-07,NESTLEIND.NS,BUY,2138.732421875,1,0.0,46335.8076171875,Top faller below 20 SMA
2023-09-08,UPL.NS,AVG,600.2573852539062,4,0.0,43934.778076171875,Averaging trigger hit
2023-09-11,ADANIENT.NS,SELL,2612.559814453125,1,8.089267359663328,46547.337890625,Profit target hit
2023-09-13,TATACONSUM.NS,SELL,876.7130737304688,3,5.2363715541641325,49177.477111816406,Profit target hit
2023-09-13,M&M.NS,BUY,1513.6175537109375,1,0.0,47663.85955810547,Top faller below 20 SMA
2023-09-14,AXISBANK.NS,SELL,1019.2416381835938,3,5.2788475650627085,50721.58447265625,Profit target hit
2023-09-14,ADANIENT.NS,BUY,2517.497314453125,1,0.0,48204.087158203125,Top faller below 20 SMA
2023-09-15,WIPRO.NS,SELL,215.7681884765625,271,6.285409171997639,106677.26623535156,Profit target hit
2023-09-15,CIPLA.NS,BUY,1214.5914306640625,2,0.0,104248.08337402344,Top faller below 20 SMA
2023-09-18,M&M.NS,SELL,1616.53125,1,6.799187551488743,105864.61462402344,Profit target hit
2023-09-20,SBIN.NS,SELL,579.5488891601562,5,5.846079383035161,108762.35906982422,Profit target hit
2023-09-20,JSWSTEEL.NS,BUY,778.5384521484375,3,0.0,106426.7437133789,Top faller below 20 SMA
2023-09-21,HINDUNILVR.NS,AVG,2388.21240234375,1,0.0,104038.53131103516,Averaging trigger hit
2023-09-25,BAJFINANCE.NS,SELL,774.3593139648438,4,7.116823849430108,107135.96856689453,Profit target hit
2023-09-25,WIPRO.NS,BUY,202.5838623046875,14,0.0,104299.7944946289,Top faller below 20 SMA
2023-09-26,NESTLEIND.NS,SELL,2247.0791015625,1,5.065929640348082,106546.8735961914,Profit target hit
2023-09-26,SBILIFE.NS,BUY,1284.94189453125,2,0.0,103976.9898071289,Top faller below 20 SMA
2023-09-27,ICICIBANK.NS,BUY,935.05029296875,3,0.0,101171.83892822266,Top faller below 20 SMA
2023-09-29,TECHM.NS,BUY,1156.0565185546875,2,0.0,98859.72589111328,Top faller below 20 SMA
2023-10-05,CIPLA.NS,AVG,1141.450439453125,2,0.0,96576.82501220703,Averaging trigger hit
2023-10-06,BAJAJFINSV.NS,SELL,1632.8238525390625,1,7.0497740373930515,98209.6488647461,Profit target hit
2023-10-06,KOTAKBANK.NS,AVG,1739.984619140625,1,0.0,96469.66424560547,Averaging trigger hit
2023-10-09,ADANIPORTS.NS,BUY,782.865966796875,3,0.0,94121.06634521484,Top faller below 20 SMA
2023-10-10,RELIANCE.NS,AVG,1150.2958984375,2,0.0,91820.47454833984,Averaging trigger hit
2023-10-11,HEROMOTOCO.NS,SELL,2910.60009765625,1,5.028114963228587,94731.0746459961,Profit target hit
2023-10-11,TATASTEEL.NS,BUY,119.69099426269531,25,0.0,91738.79978942871,Top faller below 20 SMA
2023-10-12,HCLTECH.NS,BUY,1140.225341796875,2,0.0,89458.34910583496,Top faller below 20 SMA
2023-10-13,INFY.NS,BUY,1358.2728271484375,2,0.0,86741.80345153809,Top faller below 20 SMA
2023-10-16,SBIN.NS,BUY,555.0113525390625,5,0.0,83966.74668884277,Top faller below 20 SMA
2023-10-18,SBILIFE.NS,SELL,1351.345947265625,2,5.16786424483415,86669.43858337402,Profit target hit
2023-10-20,AXISBANK.NS,BUY,978.7575073242188,3,0.0,83733.16606140137,Top faller below 20 SMA
2023-10-27,ASIANPAINT.NS,BUY,2890.06689453125,1,0.0,80843.09916687012,Top faller below 20 SMA
2023-10-30,BAJFINANCE.NS,BUY,742.9882202148438,4,0.0,77871.14628601074,Top faller below 20 SMA
2023-10-31,HCLTECH.NS,SELL,1200.27392578125,2,5.266378651937761,80271.69413757324,Profit target hit
2023-10-31,M&M.NS,BUY,1436.45703125,2,0.0,77398.78007507324,Top faller below 20 SMA
2023-11-03,BAJAJFINSV.NS,BUY,1534.4339599609375,1,0.0,75864.3461151123,Top faller below 20 SMA
2023-11-06,UPL.NS,AVG,548.7191162109375,5,0.0,73120.75053405762,Averaging trigger hit
2023-11-07,SUNPHARMA.NS,SELL,1149.8941650390625,2,5.339132916342465,75420.53886413574,Profit target hit
2023-11-07,ADANIENT.NS,AVG,2231.308837890625,1,0.0,73189.23002624512,Averaging trigger hit
2023-11-08,BPCL.NS,SELL,174.2965850830078,18,7.792722276761166,76326.56855773926,Profit target hit
2023-11-08,UPL.NS,AVG,549.7083740234375,5,0.0,73578.02668762207,Averaging trigger hit
2023-11-09,M&M.NS,SELL,1528.4884033203125,2,6.406830839223024,76635.0034942627,Profit target hit
2023-11-15,AXISBANK.NS,SELL,1039.6583251953125,3,6.222258058340493,79753.97846984863,Profit target hit
2023-11-15,UPL.NS,AVG,555.7425537109375,5,0.0,76975.26570129395,Averaging trigger hit
2023-11-16,ASIANPAINT.NS,SELL,3066.703857421875,1,6.11186416566577,80041.96955871582,Profit target hit
2023-11-16,ADANIENT.NS,AVG,2203.8837890625,1,0.0,77838.08576965332,Averaging trigger hit
2023-11-17,BAJAJFINSV.NS,SELL,1614.0948486328125,1,5.191548854530237,79452.18061828613,Profit target hit
2023-11-17,AXISBANK.NS,BUY,992.7348022460938,3,0.0,76473.97621154785,Top faller below 20 SMA
2023-11-20,UPL.NS,AVG,550.6975708007812,5,0.0,73720.48835754395,Averaging trigger hit
2023-11-21,UPL.NS,AVG,556.9790649414062,5,0.0,70935.59303283691,Averaging trigger hit
2023-11-22,CIPLA.NS,SELL,1249.982177734375,4,6.108655672762043,75935.52174377441,Profit target hit
2023-11-22,ADANIENT.NS,AVG,2170.664306640625,1,0.0,73764.85743713379,Averaging trigger hit
2023-11-23,CIPLA.NS,BUY,1150.8388671875,2,0.0,71463.17970275879,Top faller below 20 SMA
2023-11-28,ADANIENT.NS,SELL,2421.28515625,4,6.157673610814707,81148.32032775879,Profit target hit
2023-11-28,UPL.NS,AVG,557.4736938476562,5,0.0,78360.95185852051,Averaging trigger hit
2023-11-29,AXISBANK.NS,SELL,1058.427978515625,3,6.617394305195947,81536.23579406738,Profit target hit
2023-11-29,NESTLEIND.NS,BUY,2364.464599609375,1,0.0,79171.77119445801,Top faller below 20 SMA
2023-11-30,HDFCLIFE.NS,SELL,686.5112915039062,4,7.467909780010787,81917.81636047363,Profit target hit
2023-11-30,INDUSINDBK.NS,BUY,1450.0023193359375,2,0.0,79017.81172180176,Top faller below 20 SMA
2023-12-01,BAJFINANCE.NS,AVG,718.8558959960938,4,0.0,76142.38813781738,Averaging trigger hit
2023-12-04,ADANIPORTS.NS,SELL,870.660400390625,3,11.214491026217956,78754.36933898926,Profit target hit
2023-12-05,ICICIBANK.NS,SELL,1004.7998657226562,3,7.459446115187446,81768.76893615723,Profit target hit
2023-12-06,SBIN.NS,SELL,586.6354370117188,5,5.69791668728623,84701.94612121582,Profit target hit
2023-12-08,JSWSTEEL.NS,SELL,830.5894165039062,3,6.685728137361753,87193.71437072754,Profit target hit
2023-12-11,INFY.NS,SELL,1430.9876708984375,2,5.353478498326274,90055.68971252441,Profit target hit
2023-12-13,TATASTEEL.NS,SELL,125.86951446533203,25,5.16205938525018,93202.42757415771,Profit target hit
2023-12-13,ONGC.NS,BUY,180.77584838867188,16,0.0,90310.01399993896,Top faller below 20 SMA
2023-12-14,INDUSINDBK.NS,SELL,1534.6624755859375,2,5.8386221263957765,93379.33895111084,Profit target hit
2023-12-15,TECHM.NS,SELL,1248.121826171875,2,7.963737597560402,95875.58260345459,Profit target hit
2023-12-18,WIPRO.NS,SELL,217.82290649414062,14,7.5223386582162695,98925.10329437256,Profit target hit
2023-12-18,BHARTIARTL.NS,BUY,976.5978393554688,3,0.0,95995.30977630615,Top faller below 20 SMA
2023-12-19,RELIANCE.NS,SELL,1274.7236328125,4,7.6607485161838005,101094.20430755615,Profit target hit
2023-12-19,HDFCLIFE.NS,BUY,661.962890625,4,0.0,98446.35274505615,Top faller below 20 SMA
2023-12-20,CIPLA.NS,SELL,1215.279541015625,2,5.599452335634926,100876.9118270874,Profit target hit
2023-12-20,SBILIFE.NS,BUY,1404.0509033203125,2,0.0,98068.81002044678,Top faller below 20 SMA
2023-12-21,HDFCBANK.NS,SELL,1645.8712158203125,1,6.571049489899801,99714.68123626709,Profit target hit
2023-12-22,ONGC.NS,SELL,190.8839569091797,16,5.59151491231017,102768.82454681396,Profit target hit
2023-12-22,M&M.NS,BUY,1609.4405517578125,1,0.0,101159.38399505615,Top faller below 20 SMA
2023-12-26,NESTLEIND.NS,SELL,2511.2939453125,1,6.209834806889567,103670.67794036865,Profit target hit
2023-12-26,BAJAJFINSV.NS,BUY,1643.4620361328125,1,0.0,102027.21590423584,Top faller below 20 SMA
2023-12-27,KOTAKBANK.NS,SELL,1898.078857421875,3,5.222055954577601,107721.45247650146,Profit target hit
2023-12-28,M&M.NS,SELL,1708.119384765625,1,6.13125057027031,109429.57186126709,Profit target hit
2023-12-28,AXISBANK.NS,BUY,1106.05029296875,2,0.0,107217.47127532959,Top faller below 20 SMA
2023-12-29,HINDUNILVR.NS,SELL,2591.116943359375,2,5.704274950641048,112399.70516204834,Profit target hit
2023-12-29,ICICIBANK.NS,BUY,988.0936889648438,3,0.0,109435.42409515381,Top faller below 20 SMA
2024-01-01,ITC.NS,SELL,438.12103271484375,7,6.133785931095746,112502.27132415771,Profit target hit
2024-01-02,M&M.NS,BUY,1631.0572509765625,1,0.0,110871.21407318115,Top faller below 20 SMA
2024-01-03,INFY.NS,BUY,1432.4298095703125,2,0.0,108006.35445404053,Top faller below 20 SMA
2024-01-04,BHARTIARTL.NS,SELL,1033.453125,3,5.821770574677329,111106.71382904053,Profit target hit
2024-01-05,JSWSTEEL.NS,BUY,820.7432861328125,3,0.0,108644.48397064209,Top faller below 20 SMA
2024-01-10,SBIN.NS,BUY,599.4585571289062,5,0.0,105647.19118499756,Top faller below 20 SMA
2024-01-11,UPL.NS,AVG,556.187744140625,5,0.0,102866.25246429443,Averaging trigger hit
2024-01-12,INFY.NS,SELL,1550.4371337890625,2,8.238262247149743,105967.12673187256,Profit target hit
2024-01-16,NESTLEIND.NS,BUY,2497.387451171875,1,0.0,103469.73928070068,Top faller below 20 SMA
2024-01-17,HDFCBANK.NS,BUY,1500.2828369140625,1,0.0,101969.45644378662,Top faller below 20 SMA
2024-01-18,HINDALCO.NS,BUY,551.7371826171875,5,0.0,99210.77053070068,Top faller below 20 SMA
2024-01-23,INDUSINDBK.NS,BUY,1425.8702392578125,2,0.0,96359.03005218506,Top faller below 20 SMA
2024-01-24,ASIANPAINT.NS,BUY,2938.511962890625,1,0.0,93420.51808929443,Top faller below 20 SMA
2024-01-29,INDUSINDBK.NS,SELL,1510.0360107421875,2,5.902765144196052,96440.59011077881,Profit target hit
2024-01-31,DRREDDY.NS,SELL,1209.3531494140625,2,8.34372896518124,98859.29640960693,Profit target hit
2024-02-02,HINDALCO.NS,SELL,580.1741333007812,5,5.154075451051156,101760.16707611084,Profit target hit
2024-02-05,UPL.NS,AVG,468.8892517089844,6,0.0,98946.83156585693,Averaging trigger hit
2024-02-06,ITC.NS,BUY,403.8145751953125,7,0.0,96120.12953948975,Top faller below 20 SMA
2024-02-07,SBIN.NS,SELL,651.0404052734375,5,8.604739648989481,99375.33156585693,Profit target hit
2024-02-08,INDUSINDBK.NS,BUY,1461.0794677734375,2,0.0,96453.17263031006,Top faller below 20 SMA
2024-02-12,UPL.NS,AVG,453.45745849609375,6,0.0,93732.4278793335,Averaging trigger hit
2024-02-13,HINDALCO.NS,BUY,507.1925048828125,5,0.0,91196.46535491943,Top faller below 20 SMA
2024-02-15,M&M.NS,SELL,1738.2550048828125,1,6.572286401477785,92934.72035980225,Profit target hit
2024-02-15,HINDUNILVR.NS,BUY,2286.57763671875,1,0.0,90648.1427230835,Top faller below 20 SMA
2024-02-16,SBILIFE.NS,SELL,1502.8848876953125,2,7.039202363765906,93653.91249847412,Profit target hit
2024-02-19,KOTAKBANK.NS,BUY,1727.5128173828125,1,0.0,91926.39968109131,Top faller below 20 SMA
2024-02-20,ICICIBANK.NS,SELL,1039.798583984375,3,5.232792760137841,95045.79543304443,Profit target hit
2024-03-05,INFY.NS,BUY,1544.428466796875,1,0.0,93501.36696624756,Top faller below 20 SMA
2024-03-06,INDUSINDBK.NS,SELL,1537.481201171875,2,5.229129221483574,96576.32936859131,Profit target hit
2024-03-07,HINDALCO.NS,SELL,533.640869140625,5,5.214659917721661,99244.53371429443,Profit target hit
2024-03-13,ADANIENT.NS,BUY,2903.5439453125,1,0.0,96340.98976898193,Top faller below 20 SMA
2024-03-14,ADANIENT.NS,SELL,3084.628173828125,1,6.236662228170114,99425.61794281006,Profit target hit
2024-03-14,POWERGRID.NS,BUY,257.4053649902344,11,0.0,96594.15892791748,Top faller below 20 SMA
2024-03-15,NTPC.NS,BUY,309.48822021484375,9,0.0,93808.76494598389,Top faller below 20 SMA
2024-03-18,BPCL.NS,BUY,276.64715576171875,10,0.0,91042.2933883667,Top faller below 20 SMA
2024-03-19,COALINDIA.NS,BUY,394.3378601074219,7,0.0,88281.92836761475,Top faller below 20 SMA
2024-03-20,TATACONSUM.NS,BUY,1108.1405029296875,2,0.0,86065.64736175537,Top faller below 20 SMA
2024-03-22,WIPRO.NS,BUY,238.80474853515625,12,0.0,83199.9903793335,Top faller below 20 SMA
2024-03-27,HCLTECH.NS,BUY,1465.65869140625,2,0.0,80268.672996521,Top faller below 20 SMA
2024-03-28,NTPC.NS,SELL,328.5682678222656,9,6.16503193374426,83225.78740692139,Profit target hit
2024-04-01,COALINDIA.NS,SELL,415.98150634765625,7,5.488604678825009,86137.65795135498,Profit target hit
2024-04-02,JSWSTEEL.NS,SELL,870.072998046875,3,6.010370446829336,88747.8769454956,Profit target hit
2024-04-03,POWERGRID.NS,SELL,270.6936340332031,11,5.162390085953683,91725.50691986084,Profit target hit
2024-04-10,KOTAKBANK.NS,SELL,1821.8504638671875,1,5.46089415575491,93547.35738372803,Profit target hit
2024-04-10,CIPLA.NS,BUY,1398.869140625,2,0.0,90749.61910247803,Top faller below 20 SMA
2024-04-12,SUNPHARMA.NS,BUY,1520.928955078125,1,0.0,89228.6901473999,Top faller below 20 SMA
2024-04-18,TECHM.NS,BUY,1127.284912109375,2,0.0,86974.12032318115,Top faller below 20 SMA
2024-04-23,INDUSINDBK.NS,BUY,1458.3101806640625,2,0.0,84057.49996185303,Top faller below 20 SMA
2024-04-25,KOTAKBANK.NS,BUY,1638.7623291015625,1,0.0,82418.73763275146,Top faller below 20 SMA
2024-04-26,TECHM.NS,SELL,1221.9859619140625,2,8.400808774019954,84862.70955657959,Profit target hit
2024-04-26,SBILIFE.NS,BUY,1412.5615234375,2,0.0,82037.58650970459,Top faller below 20 SMA
2024-04-29,BPCL.NS,SELL,293.9880676269531,10,6.268241514172811,84977.46718597412,Profit target hit
2024-04-30,AXISBANK.NS,SELL,1164.0062255859375,2,5.239900299798118,87305.479637146,Profit target hit
2024-05-03,ADANIENT.NS,BUY,2990.514404296875,1,0.0,84314.96523284912,Top faller below 20 SMA
2024-05-13,SHRIRAMFIN.NS,BUY,450.62286376953125,6,0.0,81611.22805023193,Top faller below 20 SMA
2024-05-15,TATAMOTORS.NS,BUY,939.2246704101562,3,0.0,78793.55403900146,Top faller below 20 SMA
2024-05-16,DRREDDY.NS,BUY,1155.861083984375,2,0.0,76481.83187103271,Top faller below 20 SMA
2024-05-17,HDFCLIFE.NS,AVG,566.7010498046875,5,0.0,73648.32662200928,Averaging trigger hit
2024-05-21,HCLTECH.NS,AVG,1289.076904296875,2,0.0,71070.17281341553,Averaging trigger hit
2024-05-23,ADANIENT.NS,SELL,3384.2041015625,1,13.164614646228017,74454.37691497803,Profit target hit
2024-05-23,UPL.NS,AVG,505.3419189453125,5,0.0,71927.66732025146,Averaging trigger hit
2024-05-24,INFY.NS,AVG,1408.491943359375,2,0.0,69110.68343353271,Averaging trigger hit
2024-05-27,HDFCLIFE.NS,AVG,560.78759765625,5,0.0,66306.74544525146,Averaging trigger hit
2024-05-28,ONGC.NS,BUY,260.4844055175781,11,0.0,63441.416984558105,Top faller below 20 SMA
2024-05-29,ICICIBANK.NS,BUY,1092.5941162109375,2,0.0,61256.22875213623,Top faller below 20 SMA
2024-05-30,TECHM.NS,BUY,1185.768310546875,2,0.0,58884.69213104248,Top faller below 20 SMA
2024-06-03,SHRIRAMFIN.NS,SELL,491.2156982421875,6,9.008161311010895,61831.986320495605,Profit target hit
2024-06-04,HINDUNILVR.NS,SELL,2428.050537109375,1,6.18710242411184,64260.03685760498,Profit target hit
2024-06-04,NTPC.NS,BUY,324.1163024902344,9,0.0,61342.99013519287,Top faller below 20 SMA
2024-06-05,CIPLA.NS,SELL,1471.6168212890625,2,5.2004636138845415,64286.223777770996,Profit target hit
2024-06-05,BPCL.NS,BUY,276.0770263671875,10,0.0,61525.45351409912,Top faller below 20 SMA
2024-06-06,TECHM.NS,SELL,1258.9678955078125,2,6.173177703423187,64043.389305114746,Profit target hit
2024-06-06,POWERGRID.NS,BUY,290.3602294921875,10,0.0,61139.78701019287,Top faller below 20 SMA
2024-06-07,NTPC.NS,SELL,352.834228515625,9,8.860376909382982,64315.295066833496,Profit target hit
2024-06-07,NTPC.NS,BUY,352.834228515625,8,0.0,61492.621238708496,Top faller below 20 SMA
2024-06-10,KOTAKBANK.NS,SELL,1741.730712890625,1,6.283301852899806,63234.35195159912,Profit target hit
2024-06-10,COALINDIA.NS,BUY,449.5291442871094,6,0.0,60537.177085876465,Top faller below 20 SMA
2024-06-11,POWERGRID.NS,SELL,305.9195251464844,10,5.358618045421926,63596.37233734131,Profit target hit
2024-06-11,HINDALCO.NS,BUY,669.1142578125,4,0.0,60919.91530609131,Top faller below 20 SMA
2024-06-12,BPCL.NS,SELL,291.3988037109375,10,5.549819753336432,63833.90334320068,Profit target hit
2024-06-12,BPCL.NS,BUY,291.3988037109375,10,0.0,60919.91530609131,Top faller below 20 SMA
2024-06-14,HDFCBANK.NS,SELL,1579.5235595703125,1,5.281718933693899,62499.43886566162,Profit target hit
2024-06-14,BAJAJFINSV.NS,AVG,1589.9718017578125,1,0.0,60909.46706390381,Averaging trigger hit
2024-06-20,BHARTIARTL.NS,BUY,1362.1087646484375,2,0.0,58185.24953460693,Top faller below 20 SMA
2024-06-21,ICICIBANK.NS,SELL,1148.7606201171875,2,5.1406559007504695,60482.77077484131,Profit target hit
2024-06-26,BHARTIARTL.NS,SELL,1439.3785400390625,2,5.672805094281032,63361.52785491943,Profit target hit
2024-06-26,CIPLA.NS,BUY,1454.0689697265625,2,0.0,60453.38991546631,Top faller below 20 SMA
2024-06-27,DRREDDY.NS,SELL,1232.0242919921875,2,6.5893046373072695,62917.43849945068,Profit target hit
2024-06-28,WIPRO.NS,SELL,252.40939331054688,12,5.6969741426175124,65946.35121917725,Profit target hit
2024-07-01,INFY.NS,SELL,1551.0672607421875,3,6.690250888011841,70599.55300140381,Profit target hit
2024-07-02,SBILIFE.NS,SELL,1492.0601806640625,2,5.627978385897185,73583.67336273193,Profit target hit
2024-07-04,HCLTECH.NS,SELL,1462.423583984375,4,6.1752413745612245,79433.36769866943,Profit target hit
2024-07-05,NTPC.NS,SELL,371.6207275390625,8,5.324454802039013,82406.33351898193,Profit target hit
2024-07-05,TATASTEEL.NS,BUY,170.728515625,17,0.0,79503.94875335693,Top faller below 20 SMA
2024-07-08,ONGC.NS,SELL,284.08282470703125,11,9.059436453619348,82628.85982513428,Profit target hit
2024-07-09,ITC.NS,SELL,437.50592041015625,7,8.343271215148263,85691.40126800537,Profit target hit
2024-07-10,HDFCLIFE.NS,SELL,631.005859375,14,6.623629511146044,94525.48329925537,Profit target hit
2024-07-10,M&M.NS,BUY,2710.225830078125,1,0.0,91815.25746917725,Top faller below 20 SMA
2024-07-11,TATAMOTORS.NS,SELL,1012.09814453125,3,7.758896930302113,94851.551902771,Profit target hit
2024-07-11,SHRIRAMFIN.NS,BUY,536.2133178710938,5,0.0,92170.48531341553,Top faller below 20 SMA
2024-07-12,HDFCBANK.NS,BUY,1605.042724609375,1,0.0,90565.44258880615,Top faller below 20 SMA
2024-07-15,SHRIRAMFIN.NS,SELL,564.2671508789062,5,5.231841894414989,93386.77834320068,Profit target hit
2024-07-16,COALINDIA.NS,SELL,482.2298889160156,6,7.274443725059268,96280.15767669678,Profit target hit
2024-07-18,TATACONSUM.NS,SELL,1170.07666015625,2,5.5891971336501545,98620.31099700928,Profit target hit
2024-07-19,JSWSTEEL.NS,BUY,887.061279296875,3,0.0,95959.12715911865,Top faller below 20 SMA
2024-07-22,WIPRO.NS,BUY,247.97256469726562,12,0.0,92983.45638275146,Top faller below 20 SMA
2024-07-23,RELIANCE.NS,BUY,1482.8671875,2,0.0,90017.72200775146,Top faller below 20 SMA
2024-07-24,SUNPHARMA.NS,SELL,1604.4669189453125,1,5.492561870708579,91622.18892669678,Profit target hit
2024-07-24,BAJFINANCE.NS,AVG,657.5564575195312,4,0.0,88991.96309661865,Averaging trigger hit
2024-07-25,BPCL.NS,SELL,309.9037170410156,10,6.350373815684801,92091.00026702881,Profit target hit
2024-07-25,AXISBANK.NS,BUY,1174.8958740234375,2,0.0,89741.20851898193,Top faller below 20 SMA
2024-07-26,CIPLA.NS,SELL,1548.345947265625,2,6.483666146647176,92837.90041351318,Profit target hit
2024-07-26,TATASTEEL.NS,AVG,158.8456268310547,18,0.0,89978.6791305542,Averaging trigger hit
2024-07-29,M&M.NS,SELL,2909.623779296875,1,7.357244809854172,92888.30290985107,Profit target hit
2024-07-29,BAJFINANCE.NS,AVG,677.98828125,4,0.0,90176.34978485107,Averaging trigger hit
2024-07-31,BAJFINANCE.NS,AVG,677.44091796875,4,0.0,87466.58611297607,Averaging trigger hit
2024-08-01,JSWSTEEL.NS,SELL,932.0401611328125,3,5.070549564691833,90262.70659637451,Profit target hit
2024-08-01,TATASTEEL.NS,AVG,159.34400939941406,18,0.0,87394.51442718506,Averaging trigger hit
2024-08-05,GRASIM.NS,BUY,2602.25,1,0.0,84792.26442718506,Top faller below 20 SMA
2024-08-06,SBIN.NS,BUY,781.9978637695312,3,0.0,82446.27083587646,Top faller below 20 SMA
2024-08-07,INDUSINDBK.NS,AVG,1345.1500244140625,2,0.0,79755.97078704834,Averaging trigger hit
2024-08-08,TATASTEEL.NS,AVG,146.85525512695312,20,0.0,76818.86568450928,Averaging trigger hit
2024-08-09,HINDALCO.NS,AVG,622.9000244140625,4,0.0,74327.26558685303,Averaging trigger hit
2024-08-12,TATASTEEL.NS,AVG,148.5946807861328,20,0.0,71355.37197113037,Averaging trigger hit
2024-08-13,BAJFINANCE.NS,AVG,643.4143676757812,4,0.0,68781.71450042725,Averaging trigger hit
2024-08-20,TATACONSUM.NS,BUY,1162.5836181640625,2,0.0,66456.54726409912,Top faller below 20 SMA
2024-08-21,HINDALCO.NS,SELL,685.5999755859375,8,6.128853994465892,71941.34706878662,Profit target hit
2024-08-21,POWERGRID.NS,BUY,328.0495910644531,9,0.0,68988.90074920654,Top faller below 20 SMA
2024-08-22,ASIANPAINT.NS,SELL,3152.06591796875,1,7.267418263904266,72140.9666671753,Profit target hit
2024-08-22,ADANIPORTS.NS,BUY,1485.074951171875,2,0.0,69170.81676483154,Top faller below 20 SMA
2024-08-23,GRASIM.NS,SELL,2748.550048828125,1,5.622059710947258,71919.36681365967,Profit target hit
2024-08-23,ONGC.NS,BUY,305.1903991699219,9,0.0,69172.65322113037,Top faller below 20 SMA
2024-08-27,BAJAJFINSV.NS,SELL,1718.162841796875,2,6.274810491730497,72608.97890472412,Profit target hit
2024-08-28,WIPRO.NS,SELL,262.0920104980469,12,5.6939548203724915,75754.08303070068,Profit target hit
2024-08-29,KOTAKBANK.NS,BUY,1775.2032470703125,1,0.0,73978.87978363037,Top faller below 20 SMA
2024-08-30,UPL.NS,SELL,592.9240112304688,77,6.031823695614974,119634.02864837646,Profit target hit
2024-09-02,BAJFINANCE.NS,SELL,740.4482421875,24,7.878243771404018,137404.78646087646,Profit target hit
2024-09-02,BEL.NS,BUY,295.2646789550781,10,0.0,134452.13967132568,Top faller below 20 SMA
2024-09-03,DRREDDY.NS,BUY,1362.1312255859375,2,0.0,131727.8772201538,Top faller below 20 SMA
2024-09-04,COALINDIA.NS,BUY,478.691162109375,6,0.0,128855.73024749756,Top faller below 20 SMA
2024-09-06,TATASTEEL.NS,AVG,147.77383422851562,20,0.0,125900.25356292725,Averaging trigger hit
2024-09-09,TATAMOTORS.NS,BUY,1029.845458984375,2,0.0,123840.5626449585,Top faller below 20 SMA
2024-09-10,ONGC.NS,AVG,282.89208984375,10,0.0,121011.641746521,Averaging trigger hit
2024-09-11,HINDALCO.NS,BUY,647.7000122070312,4,0.0,118420.84169769287,Top faller below 20 SMA
2024-09-12,TATAMOTORS.NS,AVG,977.7435302734375,3,0.0,115487.61110687256,Averaging trigger hit
2024-09-13,HDFCLIFE.NS,BUY,703.4556274414062,4,0.0,112673.78859710693,Top faller below 20 SMA
2024-09-16,HINDALCO.NS,SELL,685.1500244140625,4,5.78199961420731,115414.38869476318,Profit target hit
2024-09-16,BPCL.NS,BUY,334.0495300292969,8,0.0,112741.99245452881,Top faller below 20 SMA
2024-09-17,ADANIPORTS.NS,AVG,1419.69287109375,2,0.0,109902.60671234131,Averaging trigger hit
2024-09-18,INDUSINDBK.NS,SELL,1480.25,4,5.601641665446745,115823.60671234131,Profit target hit
2024-09-18,ONGC.NS,AVG,277.9156188964844,10,0.0,113044.45052337646,Averaging trigger hit
2024-09-19,AXISBANK.NS,SELL,1241.6387939453125,2,5.680751920024496,115527.72811126709,Profit target hit
2024-09-19,BEL.NS,AVG,271.1979675292969,11,0.0,112544.55046844482,Averaging trigger hit
2024-09-20,HDFCBANK.NS,SELL,1722.2532958984375,1,7.302644938475919,114266.80376434326,Profit target hit
2024-09-23,KOTAKBANK.NS,SELL,1932.471923828125,1,8.8591927159529,116199.27568817139,Profit target hit
2024-09-23,GRASIM.NS,BUY,2666.89990234375,1,0.0,113532.37578582764,Top faller below 20 SMA
2024-09-24,NESTLEIND.NS,SELL,2668.024658203125,1,6.8326285114942875,116200.40044403076,Profit target hit
2024-09-25,POWERGRID.NS,SELL,354.457275390625,9,8.049906186587338,119390.51592254639,Profit target hit
2024-09-25,TECHM.NS,BUY,1559.9786376953125,1,0.0,117830.53728485107,Top faller below 20 SMA
2024-09-26,CIPLA.NS,BUY,1607.87255859375,1,0.0,116222.66472625732,Top faller below 20 SMA
2024-09-27,BPCL.NS,SELL,360.1831359863281,8,7.823272780757774,119104.12981414795,Profit target hit
2024-09-27,INFY.NS,BUY,1859.1258544921875,1,0.0,117245.00395965576,Top faller below 20 SMA
2024-09-30,TATASTEEL.NS,SELL,164.70889282226562,113,6.389698095232255,135857.10884857178,Profit target hit
2024-10-01,GRASIM.NS,SELL,2801.14990234375,1,5.033934715060627,138658.25875091553,Profit target hit
2024-10-01,INDUSINDBK.NS,BUY,1409.699951171875,2,0.0,135838.85884857178,Top faller below 20 SMA
2024-10-07,AXISBANK.NS,BUY,1144.7216796875,2,0.0,133549.41548919678,Top faller below 20 SMA
2024-10-08,SBILIFE.NS,BUY,1724.767333984375,1,0.0,131824.6481552124,Top faller below 20 SMA
2024-10-14,TECHM.NS,SELL,1647.33349609375,1,5.599747091889295,133471.98165130615,Profit target hit
2024-10-14,NESTLEIND.NS,BUY,2475.719970703125,1,0.0,130996.26168060303,Top faller below 20 SMA
2024-10-15,BAJFINANCE.NS,BUY,698.3355712890625,4,0.0,128202.91939544678,Top faller below 20 SMA
2024-10-18,HDFCLIFE.NS,SELL,740.4034423828125,4,5.2523305664341695,131164.53316497803,Profit target hit
2024-10-22,ADANIENT.NS,BUY,2822.35693359375,1,0.0,128342.17623138428,Top faller below 20 SMA
2024-10-23,M&M.NS,BUY,2771.235595703125,1,0.0,125570.94063568115,Top faller below 20 SMA
2024-10-24,HINDUNILVR.NS,BUY,2460.34912109375,1,0.0,123110.5915145874,Top faller below 20 SMA
2024-10-30,ADANIENT.NS,SELL,2967.782470703125,1,5.152627414995397,126078.37398529053,Profit target hit
2024-11-05,SBIN.NS,SELL,832.4840698242188,3,6.45605421622567,128575.82619476318,Profit target hit
2024-11-06,BEL.NS,SELL,300.1874084472656,21,6.201516726335631,134879.76177215576,Profit target hit
2024-11-07,HINDALCO.NS,BUY,648.0999755859375,4,0.0,132287.361869812,Top faller below 20 SMA
2024-11-08,M&M.NS,SELL,2951.18994140625,1,6.493650196401527,135238.55181121826,Profit target hit
2024-11-08,ASIANPAINT.NS,BUY,2739.4365234375,1,0.0,132499.11528778076,Top faller below 20 SMA
2024-11-13,SHRIRAMFIN.NS,BUY,565.58203125,5,0.0,129671.20513153076,Top faller below 20 SMA
2024-11-18,NTPC.NS,BUY,363.86175537109375,8,0.0,126760.31108856201,Top faller below 20 SMA
2024-11-21,ADANIENT.NS,BUY,2182.533935546875,1,0.0,124577.77715301514,Top faller below 20 SMA
2024-11-26,SHRIRAMFIN.NS,SELL,603.7321166992188,5,6.745278905856107,127596.43773651123,Profit target hit
2024-11-27,ADANIENT.NS,SELL,2396.57470703125,1,9.806984807809783,129993.01244354248,Profit target hit
2024-11-27,ADANIENT.NS,BUY,2396.57470703125,1,0.0,127596.43773651123,Top faller below 20 SMA
2024-12-02,HDFCLIFE.NS,BUY,638.435302734375,4,0.0,125042.69652557373,Top faller below 20 SMA
2024-12-05,ADANIENT.NS,SELL,2521.260986328125,1,5.202686940284443,127563.95751190186,Profit target hit
2024-12-05,ADANIENT.NS,BUY,2521.260986328125,1,0.0,125042.69652557373,Top faller below 20 SMA
2024-12-12,INFY.NS,SELL,1959.4305419921875,1,5.395260748896304,127002.12706756592,Profit target hit
2024-12-18,SHRIRAMFIN.NS,BUY,580.9510498046875,5,0.0,124097.37181854248,Top faller below 20 SMA
2024-12-19,JSWSTEEL.NS,BUY,923.4632568359375,3,0.0,121326.98204803467,Top faller below 20 SMA
2024-12-20,INDUSINDBK.NS,AVG,929.4500122070312,3,0.0,118538.63201141357,Averaging trigger hit
2024-12-26,GRASIM.NS,BUY,2482.050048828125,1,0.0,116056.58196258545,Top faller below 20 SMA
2024-12-30,BEL.NS,BUY,283.33074951171875,10,0.0,113223.27446746826,Top faller below 20 SMA
2025-01-01,TATASTEEL.NS,BUY,133.6238250732422,22,0.0,110283.55031585693,Top faller below 20 SMA
2025-01-02,BAJFINANCE.NS,SELL,735.3875732421875,4,5.305758932590309,113225.10060882568,Profit target hit
2025-01-02,SBIN.NS,BUY,785.428955078125,3,0.0,110868.81374359131,Top faller below 20 SMA
2025-01-03,WIPRO.NS,BUY,288.7130432128906,10,0.0,107981.6833114624,Top faller below 20 SMA
2025-01-06,ITC.NS,BUY,427.8877258300781,7,0.0,104986.46923065186,Top faller below 20 SMA
2025-01-08,HDFCBANK.NS,BUY,1675.86376953125,1,0.0,103310.6054611206,Top faller below 20 SMA
2025-01-10,COALINDIA.NS,AVG,363.14068603515625,8,0.0,100405.47997283936,Averaging trigger hit
2025-01-15,BPCL.NS,BUY,261.8265686035156,11,0.0,97525.38771820068,Top faller below 20 SMA
2025-01-16,HCLTECH.NS,BUY,1746.266357421875,1,0.0,95779.12136077881,Top faller below 20 SMA
2025-01-20,INFY.NS,BUY,1788.1407470703125,1,0.0,93990.9806137085,Top faller below 20 SMA
2025-01-21,M&M.NS,BUY,2798.814208984375,1,0.0,91192.16640472412,Top faller below 20 SMA
2025-01-23,WIPRO.NS,SELL,311.5100402832031,10,7.8960745301356186,94307.26680755615,Profit target hit
2025-01-29,POWERGRID.NS,BUY,284.5225524902344,10,0.0,91462.04128265381,Top faller below 20 SMA
2025-01-30,M&M.NS,SELL,2947.767333984375,1,5.322008317731517,94409.80861663818,Profit target hit
2025-02-01,TATAMOTORS.NS,AVG,700.5269775390625,4,0.0,91607.70070648193,Averaging trigger hit
2025-02-06,INFY.NS,SELL,1889.070556640625,1,5.644399622103337,93496.77126312256,Profit target hit
2025-02-07,JSWSTEEL.NS,SELL,978.1160888671875,3,5.918246516759856,96431.11952972412,Profit target hit
2025-02-17,M&M.NS,BUY,2809.379150390625,1,0.0,93621.7403793335,Top faller below 20 SMA
2025-02-24,WIPRO.NS,BUY,295.04998779296875,10,0.0,90671.24050140381,Top faller below 20 SMA
2025-02-28,SHRIRAMFIN.NS,SELL,614.5431518554688,5,5.782260323322374,93743.95626068115,Profit target hit
2025-02-28,TECHM.NS,BUY,1461.1524658203125,2,0.0,90821.65132904053,Top faller below 20 SMA
2025-03-03,JIOFIN.NS,BUY,200.9199981689453,14,0.0,88008.7713546753,Top faller below 20 SMA
2025-03-05,JIOFIN.NS,SELL,217.10000610351562,14,8.052960423066107,91048.17144012451,Profit target hit
2025-03-06,TATASTEEL.NS,SELL,147.01161193847656,22,10.019011847547569,94282.426902771,Profit target hit
2025-03-07,HINDALCO.NS,SELL,691.3499755859375,4,6.673353129028947,97047.82680511475,Profit target hit
2025-03-07,INFY.NS,BUY,1662.60693359375,1,0.0,95385.219871521,Top faller below 20 SMA
2025-03-20,HDFCLIFE.NS,SELL,672.4911499023438,4,5.3342675478799295,98075.18447113037,Profit target hit
2025-03-21,BPCL.NS,SELL,279.6600036621094,11,6.811163264946939,101151.44451141357,Profit target hit
2025-03-21,INDUSINDBK.NS,AVG,686.9000244140625,4,0.0,98403.84441375732,Averaging trigger hit
2025-03-24,BEL.NS,SELL,302.1000061035156,10,6.624503914292072,101424.84447479248,Profit target hit
2025-03-25,HDFCBANK.NS,SELL,1801.630126953125,1,7.504569268005159,103226.4746017456,Profit target hit
2025-03-27,GRASIM.NS,SELL,2618.699951171875,1,5.505525660462322,105845.17455291748,Profit target hit
2025-03-28,INDUSINDBK.NS,AVG,649.8499755859375,4,0.0,103245.77465057373,Averaging trigger hit
2025-04-01,HINDALCO.NS,BUY,663.75,4,0.0,100590.77465057373,Top faller below 20 SMA
2025-04-02,TATAMOTORS.NS,AVG,666.17236328125,4,0.0,97926.08519744873,Averaging trigger hit
2025-04-03,POWERGRID.NS,SELL,299.1000061035156,10,5.123479135729175,100917.08525848389,Profit target hit
2025-04-03,TATAMOTORS.NS,AVG,648.3753662109375,4,0.0,98323.58379364014,Averaging trigger hit
2025-04-04,TATASTEEL.NS,BUY,137.1906280517578,21,0.0,95442.58060455322,Top faller below 20 SMA
2025-04-07,TATAMOTORS.NS,AVG,574.8079223632812,5,0.0,92568.54099273682,Averaging trigger hit
2025-04-08,ADANIPORTS.NS,AVG,1125.8724365234375,2,0.0,90316.79611968994,Averaging trigger hit
2025-04-11,HCLTECH.NS,AVG,1364.0054931640625,2,0.0,87588.78513336182,Averaging trigger hit
2025-04-17,WIPRO.NS,AVG,236.89999389648438,12,0.0,84745.985206604,Averaging trigger hit
2025-04-21,AXISBANK.NS,SELL,1221.9556884765625,2,6.7469682945243745,87189.89658355713,Profit target hit
2025-04-25,SHRIRAMFIN.NS,BUY,652.27392578125,4,0.0,84580.80088043213,Top faller below 20 SMA
2025-04-29,ONGC.NS,AVG,245.67999267578125,12,0.0,81632.64096832275,Averaging trigger hit
2025-04-30,BAJFINANCE.NS,BUY,859.322265625,3,0.0,79054.67417144775,Top faller below 20 SMA
2025-05-02,JSWSTEEL.NS,BUY,964.9016723632812,3,0.0,76159.96915435791,Top faller below 20 SMA
2025-05-05,M&M.NS,SELL,2997.41845703125,1,6.6932691023381246,79157.38761138916,Profit target hit
2025-05-05,KOTAKBANK.NS,BUY,2082.498779296875,1,0.0,77074.88883209229,Top faller below 20 SMA
2025-05-06,HCLTECH.NS,SELL,1566.826416015625,3,5.055607574547216,81775.36808013916,Profit target hit
2025-05-06,DRREDDY.NS,AVG,1153.0870361328125,2,0.0,79469.19400787354,Averaging trigger hit
2025-05-07,ASIANPAINT.NS,AVG,2312.761962890625,1,0.0,77156.43204498291,Averaging trigger hit
2025-05-08,ONGC.NS,AVG,233.22000122070312,12,0.0,74357.79203033447,Averaging trigger hit
2025-05-09,ONGC.NS,AVG,234.9600067138672,12,0.0,71538.27194976807,Averaging trigger hit
2025-05-12,TATASTEEL.NS,SELL,148.1744842529297,21,8.006272991933534,74649.93611907959,Profit target hit
2025-05-12,SUNPHARMA.NS,BUY,1680.66748046875,1,0.0,72969.26863861084,Top faller below 20 SMA
2025-05-13,TECHM.NS,SELL,1544.2835693359375,2,5.689420198114231,76057.83577728271,Profit target hit
2025-05-13,POWERGRID.NS,BUY,298.45001220703125,10,0.0,73073.3356552124,Top faller below 20 SMA
2025-05-14,BAJFINANCE.NS,SELL,903.7587890625,3,5.171112772829241,75784.6120223999,Profit target hit
2025-05-14,ASIANPAINT.NS,AVG,2261.435546875,1,0.0,73523.1764755249,Averaging trigger hit
2025-05-15,JSWSTEEL.NS,SELL,1035.5115966796875,3,7.317836245787117,76629.71126556396,Profit target hit
2025-05-15,INDUSINDBK.NS,AVG,780.5,3,0.0,74288.21126556396,Averaging trigger hit
2025-05-16,BHARTIARTL.NS,BUY,1798.9608154296875,1,0.0,72489.25045013428,Top faller below 20 SMA
2025-05-19,CIPLA.NS,AVG,1478.7906494140625,2,0.0,69531.66915130615,Averaging trigger hit
2025-05-20,ETERNAL.NS,BUY,228.27999877929688,13,0.0,66564.0291671753,Top faller below 20 SMA
2025-05-21,INDUSINDBK.NS,AVG,769.9500122070312,3,0.0,64254.1791305542,Averaging trigger hit
2025-05-22,INFY.NS,AVG,1526.028564453125,1,0.0,62728.150566101074,Averaging trigger hit
2025-05-23,GRASIM.NS,BUY,2659.39990234375,1,0.0,60068.750663757324,Top faller below 20 SMA
2025-05-26,NTPC.NS,AVG,343.5,8,0.0,57320.750663757324,Averaging trigger hit
2025-05-29,ADANIPORTS.NS,SELL,1431.634765625,6,6.556378667376562,65910.55925750732,Profit target hit
2025-05-30,SBILIFE.NS,SELL,1812.199951171875,1,5.069241251544486,67722.7592086792,Profit target hit
2025-06-02,ETERNAL.NS,SELL,241.1999969482422,13,5.659715366231661,70858.35916900635,Profit target hit
2025-06-04,BAJAJFINSV.NS,BUY,1955.1474609375,1,0.0,68903.21170806885,Top faller below 20 SMA
2025-06-05,JSWSTEEL.NS,BUY,966.1483154296875,3,0.0,66004.76676177979,Top faller below 20 SMA
2025-06-06,SHRIRAMFIN.NS,SELL,685.1763305664062,4,5.0442618483864665,68745.47208404541,Profit target hit
2025-06-10,DRREDDY.NS,SELL,1340.2996826171875,4,6.575218780520997,74106.67081451416,Profit target hit
2025-06-10,ICICIBANK.NS,BUY,1422.9000244140625,2,0.0,71260.87076568604,Top faller below 20 SMA
2025-06-12,TATASTEEL.NS,BUY,152.88999938964844,19,0.0,68355.96077728271,Top faller below 20 SMA
2025-06-17,ADANIPORTS.NS,BUY,1392.300048828125,2,0.0,65571.36067962646,Top faller below 20 SMA
2025-06-18,TATACONSUM.NS,AVG,1065.199951171875,2,0.0,63440.960777282715,Averaging trigger hit
2025-06-19,HINDUNILVR.NS,AVG,2270.32470703125,1,0.0,61170.636070251465,Averaging trigger hit
2025-06-20,BHARTIARTL.NS,SELL,1920.6435546875,1,6.764057238720243,63091.279624938965,Profit target hit
2025-06-20,TATAMOTORS.NS,AVG,676.2000122070312,4,0.0,60386.47957611084,Averaging trigger hit
2025-06-23,ASIANPAINT.NS,AVG,2264.10009765625,1,0.0,58122.37947845459,Averaging trigger hit
2025-06-24,KOTAKBANK.NS,SELL,2221.039306640625,1,6.652610254615668,60343.418785095215,Profit target hit
2025-06-25,GRASIM.NS,SELL,2831.800048828125,1,6.482671009066271,63175.21883392334,Profit target hit
2025-06-25,ONGC.NS,AVG,241.91000366210938,12,0.0,60272.29878997803,Averaging trigger hit
2025-06-26,JSWSTEEL.NS,SELL,1029.7769775390625,3,6.585806867662612,63361.629722595215,Profit target hit
2025-06-27,TATASTEEL.NS,SELL,161.4499969482422,19,5.598794945886639,66429.17966461182,Profit target hit
2025-06-27,DRREDDY.NS,BUY,1292.8009033203125,2,0.0,63843.57785797119,Top faller below 20 SMA
2025-06-30,INDUSINDBK.NS,SELL,872.0999755859375,19,6.175787429624546,80413.477394104,Profit target hit
2025-06-30,AXISBANK.NS,BUY,1198.1759033203125,2,0.0,78017.12558746338,Top faller below 20 SMA
2025-07-01,BAJAJFINSV.NS,SELL,2053.800048828125,1,5.045787586953709,80070.9256362915,Profit target hit
2025-07-02,HINDALCO.NS,SELL,698.3499755859375,4,5.212802348163842,82864.32553863525,Profit target hit
2025-07-03,BAJFINANCE.NS,BUY,910.1500244140625,3,0.0,80133.87546539307,Top faller below 20 SMA
2025-07-04,KOTAKBANK.NS,BUY,2127.347412109375,1,0.0,78006.52805328369,Top faller below 20 SMA
2025-07-07,TECHM.NS,BUY,1623.9000244140625,1,0.0,76382.62802886963,Top faller below 20 SMA
2025-07-09,HCLTECH.NS,BUY,1660.98876953125,1,0.0,74721.63925933838,Top faller below 20 SMA
2025-07-11,HINDUNILVR.NS,SELL,2519.60009765625,2,6.5218270884210225,79760.83945465088,Profit target hit
2025-07-16,SBIN.NS,SELL,831.7000122070312,3,5.891183006399829,82255.93949127197,Profit target hit
2025-07-16,HDFCLIFE.NS,BUY,755.9500122070312,3,0.0,79988.08945465088,Top faller below 20 SMA
2025-07-18,BEL.NS,BUY,394.75,7,0.0,77224.83945465088,Top faller below 20 SMA
2025-07-23,BAJFINANCE.NS,SELL,968.2999877929688,3,6.389052553873424,80129.73941802979,Profit target hit
2025-07-24,SHRIRAMFIN.NS,BUY,633.5499877929688,4,0.0,77595.53946685791,Top faller below 20 SMA
